(s),(mm),(kgf)
0,0,-0.00014
0.1,0.00075,0.00172
0.2,0.00502,0.01643
0.3,0.00916,0.03095
0.4,0.01258,0.04312
0.5,0.01593,0.05543
0.6,0.01932,0.06742
0.7,0.02252,0.07884
0.8,0.02581,0.09054
0.9,0.02928,0.10312
1,0.03246,0.11451
1.1,0.03587,0.1269
1.2,0.03939,0.1398
1.3,0.04264,0.15191
1.4,0.04577,0.16349
1.5,0.04944,0.1777
1.6,0.05269,0.18971
1.7,0.05595,0.20228
1.8,0.0594,0.21546
1.9,0.06276,0.22824
2,0.06582,0.23998
2.1,0.06927,0.25361
2.2,0.07262,0.26595
2.3,0.07593,0.26013
2.4,0.07925,0.26061
2.5,0.08265,0.25925
2.6,0.08595,0.25687
2.7,0.08925,0.25696
2.8,0.09267,0.25723
2.9,0.09623,0.25774
3,0.09937,0.25716
3.1,0.10255,0.25745
3.2,0.10612,0.2578
3.3,0.10927,0.25771
3.4,0.11257,0.25773
3.5,0.11607,0.25766
3.6,0.1193,0.25759
3.7,0.12245,0.25792
3.8,0.12606,0.25798
3.9,0.12924,0.25812
4,0.13254,0.259
4.1,0.13608,0.26135
4.2,0.13944,0.26293
4.3,0.14261,0.24884
4.4,0.14601,0.24848
4.5,0.14937,0.2483
4.6,0.15269,0.24882
4.7,0.1559,0.24844
4.8,0.15931,0.24867
4.9,0.16257,0.24885
5,0.16584,0.24887
5.1,0.16926,0.2499
5.2,0.17281,0.25192
5.3,0.17592,0.25267
5.4,0.17925,0.2528
5.5,0.18277,0.25331
5.6,0.18596,0.25338
5.7,0.18928,0.25339
5.8,0.19282,0.25383
5.9,0.19612,0.2554
6,0.19916,0.25752
6.1,0.20263,0.25766
6.2,0.20588,0.25772
6.3,0.20926,0.25794
6.4,0.21268,0.2578
6.5,0.21611,0.25781
6.6,0.21918,0.25785
6.7,0.22266,0.25749
6.8,0.22601,0.25799
6.9,0.22951,0.25807
7,0.23263,0.2586
7.1,0.23605,0.26014
7.2,0.23936,0.26321
7.3,0.2425,0.26649
7.4,0.24591,0.27016
7.5,0.24939,0.27468
7.6,0.25253,0.27955
7.7,0.2558,0.28601
7.8,0.25941,0.29697
7.9,0.26253,0.30736
8,0.26587,0.31939
8.1,0.26944,0.33311
8.2,0.27281,0.34647
8.3,0.27589,0.35898
8.4,0.27938,0.37432
8.5,0.28266,0.38855
8.6,0.28604,0.40344
8.7,0.28929,0.4177
8.8,0.29269,0.4334
8.9,0.29581,0.44758
9,0.29928,0.46322
9.1,0.30258,0.47848
9.2,0.3061,0.49485
9.3,0.3093,0.51007
9.4,0.31268,0.52597
9.5,0.31613,0.54201
9.6,0.3193,0.55659
9.7,0.32263,0.57231
9.8,0.32617,0.58952
9.9,0.3294,0.60401
10,0.33249,0.61884
10.1,0.33608,0.63591
10.2,0.33916,0.65062
10.3,0.34249,0.66609
10.4,0.34601,0.68284
10.5,0.34945,0.69943
10.6,0.35247,0.71405
10.7,0.35599,0.73078
10.8,0.35934,0.7469
10.9,0.36272,0.7629
11,0.36602,0.7791
11.1,0.36945,0.79595
11.2,0.37264,0.81098
11.3,0.37596,0.82697
11.4,0.37928,0.843
11.5,0.38266,0.85958
11.6,0.38587,0.87489
11.7,0.38922,0.89117
11.8,0.3927,0.90848
11.9,0.3959,0.92397
12,0.39921,0.94001
12.1,0.4028,0.95755
12.2,0.40605,0.97346
12.3,0.40922,0.98898
12.4,0.41287,1.00694
12.5,0.41604,1.02233
12.6,0.41929,1.03812
12.7,0.4227,1.0552
12.8,0.42604,1.07151
12.9,0.42909,1.08663
13,0.43265,1.1042
13.1,0.43596,1.12069
13.2,0.43932,1.1372
13.3,0.44257,1.1533
13.4,0.44606,1.17068
13.5,0.44929,1.18669
13.6,0.45263,1.20319
13.7,0.45605,1.22021
13.8,0.45948,1.23729
13.9,0.46266,1.25264
14,0.46588,1.26873
14.1,0.46936,1.28603
14.2,0.47252,1.30183
14.3,0.47586,1.31822
14.4,0.47941,1.33556
14.5,0.48264,1.35174
14.6,0.48581,1.36782
14.7,0.48938,1.38536
14.8,0.49262,1.40131
14.9,0.49595,1.41744
15,0.49954,1.43585
15.1,0.50279,1.4522
15.2,0.5059,1.46725
15.3,0.50937,1.48432
15.4,0.51269,1.50036
15.5,0.51594,1.51711
15.6,0.51927,1.53283
15.7,0.52264,1.54977
15.8,0.52591,1.56618
15.9,0.52924,1.5825
16,0.53259,1.59971
16.1,0.53613,1.61736
16.2,0.53931,1.63267
16.3,0.54265,1.6491
16.4,0.54612,1.66625
16.5,0.54927,1.68173
16.6,0.55261,1.69819
16.7,0.55609,1.71552
16.8,0.5593,1.73121
16.9,0.56244,1.74662
17,0.56601,1.76433
17.1,0.56921,1.7801
17.2,0.57259,1.79716
17.3,0.57601,1.8137
17.4,0.57942,1.83071
17.5,0.58253,1.84612
17.6,0.586,1.86318
17.7,0.58942,1.88008
17.8,0.59276,1.89666
17.9,0.596,1.91253
18,0.59938,1.92907
18.1,0.60266,1.94503
18.2,0.60579,1.96062
18.3,0.60924,1.97749
18.4,0.61281,1.99507
18.5,0.61594,2.01047
18.6,0.6192,2.02615
18.7,0.62275,2.04386
18.8,0.62594,2.05904
18.9,0.62929,2.07565
19,0.63289,2.09344
19.1,0.6361,2.10911
19.2,0.6392,2.12387
19.3,0.6427,2.14091
19.4,0.64595,2.15662
19.5,0.64922,2.1725
19.6,0.65259,2.1893
19.7,0.65603,2.20563
19.8,0.65912,2.22048
19.9,0.66258,2.23738
20,0.66596,2.25365
20.1,0.66942,2.27036
20.2,0.67263,2.28564
20.3,0.6761,2.30232
20.4,0.67943,2.31879
20.5,0.68254,2.33328
20.6,0.68598,2.34959
20.7,0.68949,2.3667
20.8,0.6926,2.38131
20.9,0.69578,2.39633
21,0.69937,2.41393
21.1,0.70257,2.42912
21.2,0.7059,2.44519
21.3,0.70938,2.46169
21.4,0.71276,2.47794
21.5,0.71586,2.49258
21.6,0.71945,2.50947
21.7,0.72272,2.5252
21.8,0.72604,2.54048
21.9,0.72937,2.55578
22,0.73279,2.57257
22.1,0.73591,2.58747
22.2,0.73921,2.60294
22.3,0.74257,2.61863
22.4,0.74604,2.63535
22.5,0.74921,2.65057
22.6,0.75262,2.66621
22.7,0.75602,2.68258
22.8,0.75919,2.69717
22.9,0.76263,2.71406
23,0.76621,2.73054
23.1,0.76939,2.74552
23.2,0.77254,2.76019
23.3,0.77618,2.77708
23.4,0.77924,2.79123
23.5,0.78249,2.80673
23.6,0.78597,2.82284
23.7,0.78938,2.83895
23.8,0.79242,2.85242
23.9,0.79603,2.87014
24,0.7993,2.88504
24.1,0.80265,2.90068
24.2,0.80598,2.91623
24.3,0.80947,2.93271
24.4,0.81265,2.94712
24.5,0.81601,2.963
24.6,0.81935,2.97784
24.7,0.82274,2.99409
24.8,0.82594,3.00817
24.9,0.82922,3.02367
25,0.83267,3.03907
25.1,0.83585,3.05378
25.2,0.83924,3.06951
25.3,0.84275,3.08571
25.4,0.84595,3.10021
25.5,0.84917,3.11452
25.6,0.85281,3.1321
25.7,0.85599,3.14591
25.8,0.85929,3.16129
25.9,0.8628,3.17718
26,0.86613,3.19252
26.1,0.86913,3.20535
26.2,0.87263,3.2213
26.3,0.87594,3.23653
26.4,0.87924,3.25116
26.5,0.88258,3.26591
26.6,0.88599,3.28165
26.7,0.88925,3.29571
26.8,0.89262,3.31117
26.9,0.89601,3.32651
27,0.89951,3.34223
27.1,0.90269,3.3566
27.2,0.90595,3.37054
27.3,0.90946,3.3864
27.4,0.91261,3.39983
27.5,0.91589,3.41446
27.6,0.91938,3.42997
27.7,0.9226,3.44367
27.8,0.92578,3.45771
27.9,0.92938,3.47385
28,0.93256,3.48766
28.1,0.93588,3.50207
28.2,0.93945,3.51809
28.3,0.94278,3.53258
28.4,0.94589,3.54596
28.5,0.94939,3.56101
28.6,0.95273,3.57548
28.7,0.95602,3.59021
28.8,0.95927,3.60355
28.9,0.96268,3.6187
29,0.96588,3.63215
29.1,0.96919,3.6465
29.2,0.97259,3.66124
29.3,0.97609,3.67636
29.4,0.97926,3.68982
29.5,0.98265,3.70456
29.6,0.98611,3.71949
29.7,0.98928,3.73258
29.8,0.99262,3.74697
29.9,0.99617,3.76228
30,0.99942,3.77544
30.1,1.00248,3.78825
30.2,1.006,3.80325
30.3,1.00921,3.81681
30.4,1.01258,3.83057
30.5,1.01603,3.84575
30.6,1.0194,3.85965
30.7,1.02246,3.87218
30.8,1.02601,3.88674
30.9,1.02934,3.90113
31,1.03278,3.91529
31.1,1.03598,3.92836
31.2,1.03944,3.94305
31.3,1.0427,3.95617
31.4,1.04583,3.96869
31.5,1.04927,3.98291
31.6,1.05274,3.99772
31.7,1.05589,4.01008
31.8,1.05918,4.02368
31.9,1.06271,4.03856
32,1.06583,4.05074
32.1,1.06922,4.06491
32.2,1.0728,4.07968
32.3,1.07608,4.0931
32.4,1.07922,4.10545
32.5,1.08274,4.11983
32.6,1.086,4.13209
32.7,1.08938,4.14649
32.8,1.09267,4.15977
32.9,1.09603,4.17316
33,1.09911,4.18503
33.1,1.10262,4.19915
33.2,1.10591,4.21266
33.3,1.1094,4.22654
33.4,1.11259,4.23913
33.5,1.11605,4.25246
33.6,1.1194,4.26622
33.7,1.12262,4.27896
33.8,1.12597,4.29203
33.9,1.12952,4.30676
34,1.13269,4.31896
34.1,1.13586,4.33139
34.2,1.13943,4.3454
34.3,1.14249,4.35731
34.4,1.14584,4.37045
34.5,1.14937,4.38487
34.6,1.15275,4.39832
34.7,1.15579,4.41016
34.8,1.15936,4.42428
34.9,1.16264,4.43729
35,1.16598,4.45051
35.1,1.16938,4.46341
35.2,1.17283,4.47752
35.3,1.17596,4.48945
35.4,1.17932,4.50254
35.5,1.18262,4.51513
35.6,1.18595,4.52823
35.7,1.1892,4.54073
35.8,1.19261,4.5545
35.9,1.19598,4.56737
36,1.19925,4.58035
36.1,1.20257,4.59339
36.2,1.20614,4.60819
36.3,1.20935,4.62061
36.4,1.21257,4.63291
36.5,1.2162,4.64764
36.6,1.21935,4.66003
36.7,1.22261,4.67203
36.8,1.22607,4.68628
36.9,1.22938,4.69909
37,1.23241,4.71011
37.1,1.23601,4.72503
37.2,1.23928,4.73814
37.3,1.24262,4.75124
37.4,1.24593,4.76429
37.5,1.24942,4.77803
37.6,1.25258,4.79049
37.7,1.25596,4.80431
37.8,1.2594,4.81776
37.9,1.2628,4.83159
38,1.26598,4.84374
38.1,1.26927,4.8569
38.2,1.27269,4.8707
38.3,1.27585,4.88322
38.4,1.27922,4.89645
38.5,1.28274,4.91141
38.6,1.28596,4.92372
38.7,1.28915,4.93634
38.8,1.29273,4.95122
38.9,1.29595,4.96397
39,1.29927,4.97763
39.1,1.30287,4.99252
39.2,1.30613,5.00597
39.3,1.3092,5.01793
39.4,1.31271,5.03305
39.5,1.31601,5.04652
39.6,1.31924,5.05971
39.7,1.32261,5.0741
39.8,1.326,5.08843
39.9,1.32922,5.10215
40,1.33259,5.1161
40.1,1.33594,5.13035
40.2,1.33943,5.14551
40.3,1.34263,5.1586
40.4,1.34601,5.17249
40.5,1.34942,5.18644
40.6,1.3526,5.19911
40.7,1.35596,5.2126
40.8,1.35945,5.22732
40.9,1.3626,5.23898
41,1.36578,5.25165
41.1,1.36936,5.26671
41.2,1.37254,5.27817
41.3,1.37589,5.29148
41.4,1.37938,5.30537
41.5,1.38273,5.31827
41.6,1.38586,5.33029
41.7,1.38937,5.34388
41.8,1.39276,5.35678
41.9,1.39606,5.36897
42,1.39936,5.38131
42.1,1.40275,5.39351
42.2,1.40595,5.40529
42.3,1.40914,5.41695
42.4,1.41258,5.43038
42.5,1.41611,5.44388
42.6,1.41925,5.4547
42.7,1.42256,5.46657
42.8,1.42604,5.48002
42.9,1.42927,5.49159
43,1.43261,5.50377
43.1,1.43624,5.5177
43.2,1.43942,5.52836
43.3,1.44256,5.53926
43.4,1.44605,5.55227
43.5,1.44927,5.56361
43.6,1.45252,5.57545
43.7,1.45597,5.58773
43.8,1.45939,5.60009
43.9,1.46246,5.61023
44,1.46594,5.62275
44.1,1.46928,5.63496
44.2,1.4727,5.64705
44.3,1.47598,5.65856
44.4,1.47946,5.6713
44.5,1.48272,5.68175
44.6,1.4859,5.6925
44.7,1.48933,5.70447
44.8,1.49284,5.7176
44.9,1.49592,5.72712
45,1.49916,5.73762
45.1,1.50269,5.75111
45.2,1.50591,5.76135
45.3,1.50923,5.77245
45.4,1.51274,5.78536
45.5,1.51606,5.79657
45.6,1.51918,5.80635
45.7,1.5228,5.81988
45.8,1.52604,5.82996
45.9,1.52934,5.84151
46,1.53272,5.85246
46.1,1.53615,5.86413
46.2,1.53921,5.87351
46.3,1.54259,5.88483
46.4,1.5459,5.89585
46.5,1.54931,5.90751
46.6,1.55255,5.91787
46.7,1.55602,5.9296
46.8,1.55932,5.94104
46.9,1.56252,5.95096
47,1.56599,5.96305
47.1,1.56955,5.97569
47.2,1.57268,5.985
47.3,1.5759,5.99526
47.4,1.57949,6.00779
47.5,1.58257,6.01682
47.6,1.58583,6.02742
47.7,1.58935,6.0396
47.8,1.59269,6.05004
47.9,1.59575,6.05955
48,1.59937,6.07209
48.1,1.60263,6.0823
48.2,1.60595,6.09263
48.3,1.60932,6.1035
48.4,1.6128,6.11538
48.5,1.61596,6.12495
48.6,1.61939,6.1356
48.7,1.62272,6.14585
48.8,1.62605,6.15692
48.9,1.62928,6.16639
49,1.6326,6.17678
49.1,1.63597,6.18775
49.2,1.63919,6.19757
49.3,1.64258,6.20844
49.4,1.6461,6.21997
49.5,1.64929,6.2294
49.6,1.65252,6.23865
49.7,1.65614,6.25097
49.8,1.65931,6.26033
49.9,1.66263,6.27004
50,1.66613,6.28154
50.1,1.66942,6.2912
50.2,1.67246,6.29935
50.3,1.67601,6.3116
50.4,1.67925,6.32057
50.5,1.68253,6.33026
50.6,1.68595,6.34113
50.7,1.68936,6.35195
50.8,1.69255,6.36037
50.9,1.69596,6.3712
51,1.69935,6.38189
51.1,1.7028,6.39199
51.2,1.70604,6.40115
51.3,1.70931,6.41059
51.4,1.71273,6.42074
51.5,1.71596,6.42975
51.6,1.71929,6.43975
51.7,1.72275,6.45013
51.8,1.72593,6.45878
51.9,1.72915,6.4671
52,1.73277,6.47872
52.1,1.73589,6.48653
52.2,1.73919,6.49635
52.3,1.74278,6.50744
52.4,1.7461,6.51715
52.5,1.74923,6.52507
52.6,1.75274,6.53513
52.7,1.75602,6.54473
52.8,1.75931,6.55287
52.9,1.76263,6.5625
53,1.76603,6.57257
53.1,1.76915,6.58012
53.2,1.77251,6.58967
53.3,1.77594,6.59997
53.4,1.77943,6.61002
53.5,1.78258,6.61746
53.6,1.78597,6.62706
53.7,1.78937,6.63696
53.8,1.79263,6.64524
53.9,1.79598,6.65434
54,1.79952,6.66496
54.1,1.80269,6.67248
54.2,1.80583,6.68035
54.3,1.80938,6.69052
54.4,1.81251,6.69839
54.5,1.81589,6.7081
54.6,1.8194,6.71767
54.7,1.82274,6.72679
54.8,1.8258,6.73337
54.9,1.82933,6.74381
55,1.83265,6.75221
55.1,1.83608,6.76189
55.2,1.83937,6.7697
55.3,1.84282,6.77947
55.4,1.84597,6.78683
55.5,1.84919,6.79518
55.6,1.85266,6.8047
55.7,1.85607,6.81432
55.8,1.85918,6.82126
55.9,1.86255,6.8305
56,1.86603,6.84001
56.1,1.86919,6.8475
56.2,1.87254,6.85635
56.3,1.87614,6.86664
56.4,1.87939,6.87517
56.5,1.88261,6.88223
56.6,1.8861,6.8921
56.7,1.88927,6.89898
56.8,1.89263,6.90825
56.9,1.89604,6.91642
57,1.89939,6.92557
57.1,1.90242,6.93196
57.2,1.90597,6.942
57.3,1.90927,6.95018
57.4,1.91271,6.95855
57.5,1.91593,6.96641
57.6,1.91939,6.97537
57.7,1.9227,6.98331
57.8,1.926,6.99156
57.9,1.92934,6.9995
58,1.93286,7.00867
58.1,1.936,7.01593
58.2,1.93924,7.02314
58.3,1.94277,7.03292
58.4,1.94579,7.03892
58.5,1.94916,7.04731
58.6,1.95271,7.05714
58.7,1.95607,7.06468
58.8,1.95913,7.07064
58.9,1.9627,7.08111
59,1.96597,7.08838
59.1,1.96932,7.0968
59.2,1.97273,7.1048
59.3,1.97616,7.11344
59.4,1.97922,7.12
59.5,1.98266,7.12851
59.6,1.98597,7.13566
59.7,1.98926,7.14372
59.8,1.99254,7.15139
59.9,1.99598,7.15989
60,1.99928,7.16756
60.1,2.00258,7.17493
60.2,2.0059,7.18288
60.3,2.00946,7.19193
60.4,2.01266,7.19862
60.5,2.01595,7.20628
60.6,2.01952,7.21527
60.7,2.02266,7.22175
60.8,2.02593,7.22905
60.9,2.02943,7.23853
61,2.03268,7.24518
61.1,2.03575,7.25127
61.2,2.03937,7.26047
61.3,2.0426,7.26738
61.4,2.04593,7.27493
61.5,2.04928,7.28302
61.6,2.05274,7.29125
61.7,2.05589,7.29787
61.8,2.05935,7.30574
61.9,2.06273,7.31396
62,2.06609,7.32139
62.1,2.06931,7.32776
62.2,2.07266,7.33548
62.3,2.07599,7.3434
62.4,2.07919,7.35019
62.5,2.08257,7.35781
62.6,2.08607,7.36688
62.7,2.08928,7.37317
62.8,2.0925,7.37988
62.9,2.09608,7.38942
63,2.09926,7.39588
63.1,2.10261,7.40333
63.2,2.10619,7.41206
63.3,2.10944,7.41888
63.4,2.11252,7.42493
63.5,2.11606,7.434
63.6,2.11933,7.44031
63.7,2.12254,7.44727
63.8,2.12599,7.45564
63.9,2.12934,7.46287
64,2.13254,7.4693
64.1,2.13596,7.47698
64.2,2.13929,7.4841
64.3,2.14274,7.49237
64.4,2.14598,7.49882
64.5,2.14938,7.50556
64.6,2.15273,7.51313
64.7,2.15593,7.51936
64.8,2.15932,7.52665
64.9,2.16278,7.53443
65,2.16588,7.53972
65.1,2.16915,7.54616
65.2,2.17269,7.55481
65.3,2.17588,7.56133
65.4,2.17924,7.569
65.5,2.18275,7.57731
65.6,2.18604,7.58396
65.7,2.18917,7.58949
65.8,2.19272,7.59803
65.9,2.19607,7.60515
66,2.19934,7.61129
66.1,2.2027,7.61826
66.2,2.20611,7.62572
66.3,2.20924,7.63116
66.4,2.21249,7.63731
66.5,2.21593,7.64569
66.6,2.21941,7.65279
66.7,2.2226,7.65842
66.8,2.22595,7.66545
66.9,2.22935,7.67281
67,2.23259,7.6787
67.1,2.23597,7.68571
67.2,2.2396,7.69456
67.3,2.2427,7.69902
67.4,2.24589,7.70456
67.5,2.24941,7.71242
67.6,2.25255,7.71809
67.7,2.25586,7.72392
67.8,2.25934,7.73138
67.9,2.26269,7.73783
68,2.2658,7.74269
68.1,2.26931,7.75032
68.2,2.27263,7.75665
68.3,2.27599,7.76318
68.4,2.27934,7.76937
68.5,2.28281,7.77624
68.6,2.28601,7.78165
68.7,2.28923,7.78681
68.8,2.29266,7.79421
68.9,2.29615,7.8016
69,2.29925,7.80557
69.1,2.30253,7.81171
69.2,2.306,7.81936
69.3,2.30922,7.82377
69.4,2.31253,7.82927
69.5,2.31608,7.83717
69.6,2.31938,7.84272
69.7,2.32254,7.84721
69.8,2.32614,7.85455
69.9,2.32933,7.85935
70,2.33266,7.86495
70.1,2.33609,7.87109
70.2,2.33948,7.87771
70.3,2.3425,7.88119
70.4,2.34594,7.8882
70.5,2.34923,7.89375
70.6,2.35263,7.89934
70.7,2.35592,7.90476
70.8,2.35937,7.9108
70.9,2.36262,7.91608
71,2.36587,7.92058
71.1,2.36933,7.92771
71.2,2.37284,7.93416
71.3,2.376,7.93763
71.4,2.37927,7.94281
71.5,2.3828,7.94905
71.6,2.38589,7.95301
71.7,2.3892,7.95838
71.8,2.39269,7.96539
71.9,2.396,7.97078
72,2.39912,7.97414
72.1,2.40273,7.98163
72.2,2.40595,7.98567
72.3,2.40925,7.99083
72.4,2.41269,7.99675
72.5,2.41616,8.00313
72.6,2.41928,8.00643
72.7,2.42272,8.01243
72.8,2.42601,8.01725
72.9,2.42936,8.02261
73,2.43263,8.02735
73.1,2.43596,8.03266
73.2,2.43926,8.03799
73.3,2.44254,8.04275
73.4,2.44595,8.04873
73.5,2.44942,8.05477
73.6,2.45259,8.05883
73.7,2.4559,8.06403
73.8,2.45944,8.07119
73.9,2.46262,8.07433
74,2.46595,8.07923
74.1,2.46947,8.08615
74.2,2.47272,8.09078
74.3,2.47578,8.09362
74.4,2.47937,8.10038
74.5,2.48258,8.10499
74.6,2.48586,8.10946
74.7,2.48933,8.1158
74.8,2.49271,8.12129
74.9,2.49583,8.12478
75,2.4993,8.13086
75.1,2.50269,8.13631
75.2,2.50611,8.14236
75.3,2.50937,8.14562
75.4,2.51268,8.15093
75.5,2.51604,8.15647
75.6,2.51928,8.16081
75.7,2.52264,8.16507
75.8,2.52606,8.17073
75.9,2.52925,8.17363
76,2.53252,8.17739
76.1,2.53607,8.18343
76.2,2.53922,8.18598
76.3,2.54254,8.19059
76.4,2.54615,8.19725
76.5,2.54942,8.20069
76.6,2.55256,8.20341
76.7,2.55608,8.20987
76.8,2.55934,8.2137
76.9,2.56261,8.21725
77,2.56599,8.22137
77.1,2.56937,8.22664
77.2,2.57248,8.22885
77.3,2.57593,8.23461
77.4,2.57929,8.23912
77.5,2.58272,8.24408
77.6,2.58592,8.24765
77.7,2.58935,8.25256
77.8,2.59271,8.25695
77.9,2.59594,8.26048
78,2.59931,8.26487
78.1,2.60284,8.27082
78.2,2.60601,8.27355
78.3,2.60921,8.27672
78.4,2.61272,8.28343
78.5,2.61583,8.28557
78.6,2.61921,8.29009
78.7,2.62276,8.29607
78.8,2.62605,8.30001
78.9,2.62911,8.30171
79,2.63271,8.30858
79.1,2.636,8.31178
79.2,2.63938,8.31615
79.3,2.64269,8.31965
79.4,2.64613,8.32444
79.5,2.64926,8.32712
79.6,2.65252,8.33023
79.7,2.65598,8.33552
79.8,2.65935,8.33976
79.9,2.66253,8.3424
80,2.66595,8.34701
80.1,2.66936,8.35188
80.2,2.67248,8.35395
80.3,2.6759,8.35907
80.4,2.67953,8.36502
80.5,2.68272,8.3667
80.6,2.68595,8.36946
80.7,2.68944,8.37449
80.8,2.6926,8.37669
80.9,2.69599,8.38053
81,2.6994,8.38413
81.1,2.70272,8.38766
81.2,2.70574,8.38873
81.3,2.70932,8.39435
81.4,2.7126,8.39755
81.5,2.71599,8.40148
81.6,2.71927,8.40317
81.7,2.72276,8.40689
81.8,2.72599,8.40851
81.9,2.72934,8.41161
82,2.73269,8.41381
82.1,2.73617,8.41762
82.2,2.73932,8.41702
82.3,2.7426,8.41894
82.4,2.7461,8.4228
82.5,2.74913,8.42169
82.6,2.75251,8.424
82.7,2.75605,8.4277
82.8,2.75934,8.42857
82.9,2.76247,8.42844
83,2.76606,8.43267
83.1,2.76928,8.43307
83.2,2.77262,8.43481
83.3,2.7761,8.43655
83.4,2.77949,8.43826
83.5,2.78253,8.43677
83.6,2.78603,8.43864
83.7,2.7893,8.43885
83.8,2.79258,8.43855
83.9,2.79588,8.43815
84,2.79934,8.43845
84.1,2.80257,8.43734
84.2,2.80595,8.4366
84.3,2.80925,8.43577
84.4,2.8128,8.43672
84.5,2.81596,8.43391
84.6,2.81931,8.43296
84.7,2.82284,8.43373
84.8,2.82599,8.42983
84.9,2.82926,8.42623
85,2.83276,8.42543
85.1,2.836,8.42113
85.2,2.83908,8.4158
85.3,2.84272,8.41554
85.4,2.84592,8.40883
85.5,2.84927,8.40422
85.6,2.85265,8.39947
85.7,2.85607,8.39571
85.8,2.85918,8.38813
85.9,2.86269,8.38421
86,2.86608,8.37899
86.1,2.86939,8.37388
86.2,2.87264,8.36733
86.3,2.87599,8.36126
86.4,2.87926,8.35533
86.5,2.88253,8.34905
86.6,2.8859,8.34332
86.7,2.88938,8.33675
86.8,2.89259,8.32622
86.9,2.89586,8.31176
87,2.8994,8.30017
87.1,2.9026,8.28478
87.2,2.90595,8.26905
87.3,2.90956,8.25325
87.4,2.91274,8.23214
87.5,2.91585,8.20828
87.6,2.9194,8.17975
87.7,2.92267,8.1388
87.8,2.92587,8.08681
87.9,2.92933,8.00434
88,2.93268,7.88924
88.1,2.93585,7.77648
88.2,2.93933,7.68396
88.3,2.94265,7.59719
88.4,2.94603,7.51521
88.5,2.94933,7.42953
88.6,2.95274,7.33181
88.7,2.95603,7.22973
88.8,2.95928,7.13642
88.9,2.96265,7.04279
89,2.96607,6.93587
89.1,2.96922,6.82105
89.2,2.97252,6.69732
89.3,2.97602,6.57353
89.4,2.97917,6.45281
89.5,2.98256,6.35603
89.6,2.98612,6.26839
89.7,2.98936,6.1846
89.8,2.99251,6.09171
89.9,2.99608,6.00291
90,2.99939,5.92118
90.1,3.00265,5.84452
90.2,3.00605,5.77389
90.3,3.00941,5.70103
90.4,3.01256,5.6228
90.5,3.01586,5.54481
90.6,3.01929,5.46706
90.7,3.02273,5.38728
90.8,3.02594,5.30686
90.9,3.02931,5.232
91,3.03266,5.1588
91.1,3.03594,5.0921
91.2,3.03932,5.02857
91.3,3.04293,4.97053
91.4,3.04599,4.91335
91.5,3.04926,4.86177
91.6,3.05274,4.81612
91.7,3.05586,4.76708
91.8,3.05919,4.71778
91.9,3.06269,4.67107
92,3.06602,4.6243
92.1,3.06912,4.57561
92.2,3.0727,4.53575
92.3,3.07593,4.49486
92.4,3.0793,4.45775
92.5,3.08271,4.42442
92.6,3.08618,4.39392
92.7,3.08933,4.36455
92.8,3.09259,4.33759
92.9,3.096,4.31379
93,3.0994,4.29062
93.1,3.10257,4.26621
93.2,3.1059,4.24195
93.3,3.1093,4.22027
93.4,3.11256,4.19574
93.5,3.11587,4.17174
93.6,3.11946,4.14784
93.7,3.12268,4.11986
93.8,3.12587,4.09281
93.9,3.1295,4.06879
94,3.13268,4.04082
94.1,3.13597,4.01314
94.2,3.13945,3.98391
94.3,3.14276,3.95241
94.4,3.1458,3.91565
94.5,3.14932,3.8821
94.6,3.15256,3.84705
94.7,3.15592,3.81167
94.8,3.15925,3.7767
94.9,3.16275,3.74253
95,3.16591,3.70647
95.1,3.16921,3.66566
95.2,3.17268,3.62048
95.3,3.17617,3.57657
95.4,3.17933,3.53312
95.5,3.18265,3.48748
95.6,3.18611,3.4406
95.7,3.18923,3.38449
95.8,3.19254,3.33034
95.9,3.19602,3.2764
96,3.19931,3.21395
96.1,3.20246,3.1443
96.2,3.2061,3.07659
96.3,3.20927,3.00572
96.4,3.21257,2.94075
96.5,3.21606,2.87644
96.6,3.21948,2.80931
96.7,3.22258,2.74018
96.8,3.22611,2.67275
96.9,3.22939,2.59905
97,3.23264,2.51285
97.1,3.23596,2.39647
97.2,3.23932,2.17127
97.3,3.24254,1.85353
97.4,3.24588,1.71293
97.5,3.2493,1.63411
97.6,3.25276,1.58378
97.7,3.2559,1.54987
97.8,3.25924,1.52295
97.9,3.26278,1.50136
98,3.26597,1.48474
98.1,3.26932,1.47111
98.2,3.27285,1.45778
98.3,3.276,1.44165
98.4,3.27911,1.42479
98.5,3.28268,1.41048
98.6,3.28589,1.39648
98.7,3.28918,1.38376
98.8,3.29269,1.37108
98.9,3.29605,1.35852
99,3.29914,1.34616
99.1,3.30266,1.33561
99.2,3.30603,1.32356
99.3,3.30941,1.31213
99.4,3.31274,1.29846
99.5,3.31605,1.2839
99.6,3.31936,1.27227
99.7,3.3226,1.25927
99.8,3.32599,1.24875
99.9,3.32936,1.23646
100,3.33258,1.22504
100.1,3.33589,1.21413
100.2,3.3394,1.20557
100.3,3.34254,1.19497
100.4,3.34586,1.1847
100.5,3.34952,1.17611
100.6,3.35275,1.16648
100.7,3.35592,1.15731
100.8,3.35943,1.14992
100.9,3.36267,1.14246
101,3.36592,1.13402
101.1,3.36934,1.12561
101.2,3.37269,1.11866
101.3,3.3758,1.11091
101.4,3.37927,1.10234
101.5,3.38262,1.09556
101.6,3.38602,1.08939
101.7,3.38925,1.08124
101.8,3.39273,1.07451
101.9,3.396,1.06792
102,3.39929,1.05965
102.1,3.40269,1.05294
102.2,3.40619,1.04704
102.3,3.40933,1.03933
102.4,3.41256,1.03135
102.5,3.41604,1.02622
102.6,3.41916,1.0196
102.7,3.42253,1.01368
102.8,3.42612,1.00716
102.9,3.42935,0.99923
103,3.43243,0.99097
103.1,3.43606,0.98514
103.2,3.43933,0.97986
103.3,3.44271,0.97411
103.4,3.44608,0.96697
103.5,3.44951,0.96039
103.6,3.45257,0.95393
103.7,3.45586,0.94815
103.8,3.45932,0.94486
103.9,3.46265,0.93945
104,3.46587,0.93466
104.1,3.46931,0.92991
104.2,3.47263,0.92624
104.3,3.47581,0.92124
104.4,3.47924,0.91718
104.5,3.48284,0.9139
104.6,3.48602,0.90953
104.7,3.48932,0.90453
104.8,3.4928,0.9004
104.9,3.49593,0.89517
105,3.49928,0.89038
105.1,3.50273,0.88535
105.2,3.50601,0.88091
105.3,3.50908,0.87604
105.4,3.51269,0.87195
105.5,3.51593,0.86774
105.6,3.51931,0.86343
105.7,3.52262,0.85812
105.8,3.52613,0.85385
105.9,3.52928,0.85053
106,3.53269,0.84551
106.1,3.53605,0.841
106.2,3.5395,0.83764
106.3,3.54267,0.83244
106.4,3.54596,0.82767
106.5,3.54938,0.82457
106.6,3.55246,0.81956
106.7,3.55586,0.8153
106.8,3.55941,0.8113
106.9,3.56263,0.80739
107,3.56582,0.80249
107.1,3.5694,0.79983
107.2,3.57257,0.79529
107.3,3.57595,0.79122
107.4,3.57948,0.7872
107.5,3.58283,0.78369
107.6,3.58589,0.77943
107.7,3.5894,0.77558
107.8,3.59262,0.77248
107.9,3.59588,0.7686
108,3.59923,0.76483
108.1,3.60272,0.76148
108.2,3.60587,0.75799
108.3,3.60928,0.75386
108.4,3.61259,0.75012
108.5,3.61609,0.74711
108.6,3.61929,0.74152
108.7,3.6227,0.73706
108.8,3.62617,0.73384
108.9,3.62932,0.72872
109,3.63262,0.72435
109.1,3.63612,0.72103
109.2,3.63929,0.71754
109.3,3.64243,0.71281
109.4,3.64605,0.70957
109.5,3.64923,0.70557
109.6,3.65258,0.70207
109.7,3.65601,0.69867
109.8,3.6594,0.6958
109.9,3.6625,0.69256
110,3.66607,0.68969
110.1,3.66942,0.68706
110.2,3.6727,0.68357
110.3,3.67601,0.67965
110.4,3.67936,0.67765
110.5,3.68257,0.67448
110.6,3.68587,0.67122
110.7,3.68926,0.66836
110.8,3.6927,0.66641
110.9,3.69591,0.66328
111,3.69923,0.66029
111.1,3.70269,0.65889
111.2,3.70589,0.65572
111.3,3.7093,0.65163
111.4,3.71293,0.6498
111.5,3.71607,0.64754
111.6,3.7192,0.64517
111.7,3.72275,0.6432
111.8,3.72596,0.64125
111.9,3.72923,0.63845
112,3.73268,0.63504
112.1,3.736,0.63197
112.2,3.73915,0.62882
112.3,3.74268,0.62564
112.4,3.74595,0.62267
112.5,3.7493,0.62041
112.6,3.75268,0.61723
112.7,3.7561,0.61487
112.8,3.75936,0.61249
112.9,3.76263,0.60937
113,3.76604,0.60706
113.1,3.76939,0.60471
113.2,3.77253,0.60159
113.3,3.77588,0.59902
113.4,3.77932,0.59784
113.5,3.7825,0.59495
113.6,3.78591,0.59282
113.7,3.78947,0.59072
113.8,3.79264,0.5886
113.9,3.79584,0.58598
114,3.79945,0.5844
114.1,3.80273,0.58282
114.2,3.80599,0.58006
114.3,3.80941,0.57785
114.4,3.81278,0.57592
114.5,3.81584,0.57362
114.6,3.81922,0.57125
114.7,3.82262,0.56943
114.8,3.82603,0.56802
114.9,3.82929,0.56562
115,3.83268,0.56324
115.1,3.83595,0.56158
115.2,3.83927,0.55868
115.3,3.84267,0.55646
115.4,3.84625,0.55519
115.5,3.84932,0.5522
115.6,3.85265,0.54962
115.7,3.8561,0.54805
115.8,3.85916,0.54506
115.9,3.86253,0.54282
116,3.86605,0.54033
116.1,3.8693,0.53863
116.2,3.87245,0.53557
116.3,3.87603,0.53415
116.4,3.87922,0.53245
116.5,3.88257,0.52968
116.6,3.88606,0.52781
116.7,3.88952,0.52606
116.8,3.89264,0.52391
116.9,3.89596,0.52152
117,3.89935,0.5196
117.1,3.90277,0.51739
117.2,3.90592,0.51507
117.3,3.90928,0.5129
117.4,3.91258,0.51173
117.5,3.91589,0.50942
117.6,3.9192,0.50757
117.7,3.9228,0.50581
117.8,3.92597,0.50342
117.9,3.92922,0.50125
118,3.93283,0.49963
118.1,3.93601,0.49809
118.2,3.93933,0.49576
118.3,3.94284,0.49368
118.4,3.94612,0.49258
118.5,3.94911,0.49027
118.6,3.95269,0.48862
118.7,3.95587,0.48688
118.8,3.95925,0.48515
118.9,3.96261,0.48345
119,3.9661,0.48153
119.1,3.96921,0.47896
119.2,3.97254,0.47711
119.3,3.97602,0.47532
119.4,3.97948,0.47404
119.5,3.98267,0.47143
119.6,3.98603,0.46951
119.7,3.98944,0.46819
119.8,3.99254,0.46545
119.9,3.9959,0.46412
120,3.99936,0.46281
120.1,4.00261,0.46199
120.2,4.00583,0.45945
120.3,4.00941,0.45815
120.4,4.01259,0.45586
120.5,4.01586,0.45413
120.6,4.01943,0.45272
120.7,4.0228,0.45187
120.8,4.02592,0.44957
120.9,4.02948,0.44753
121,4.03275,0.4467
121.1,4.03597,0.44473
121.2,4.0393,0.44294
121.3,4.04268,0.44131
121.4,4.04582,0.44022
121.5,4.04925,0.43784
121.6,4.05263,0.43686
121.7,4.05604,0.43561
121.8,4.05922,0.43359
121.9,4.06263,0.4329
122,4.06608,0.43241
122.1,4.0693,0.43031
122.2,4.07266,0.4285
122.3,4.0762,0.42762
122.4,4.07936,0.42634
122.5,4.08246,0.42438
122.6,4.08606,0.42326
122.7,4.0892,0.42162
122.8,4.09251,0.41939
122.9,4.09604,0.41753
123,4.09936,0.41694
123.1,4.10245,0.41527
123.2,4.10602,0.41384
123.3,4.10934,0.41303
123.4,4.1127,0.41162
123.5,4.11608,0.40914
123.6,4.11943,0.40814
123.7,4.12266,0.40771
123.8,4.12595,0.40533
123.9,4.12935,0.4039
124,4.13267,0.40305
124.1,4.13589,0.4019
124.2,4.13924,0.4005
124.3,4.14269,0.40027
124.4,4.14587,0.39852
124.5,4.14921,0.39697
124.6,4.15284,0.39505
124.7,4.15603,0.39418
124.8,4.15927,0.39192
124.9,4.1628,0.39081
125,4.16599,0.38927
125.1,4.16927,0.38849
125.2,4.1727,0.38577
125.3,4.17602,0.38493
125.4,4.17911,0.38347
125.5,4.18261,0.3821
125.6,4.18593,0.38085
125.7,4.1893,0.38075
125.8,4.19261,0.37858
125.9,4.19606,0.37783
126,4.19928,0.37649
126.1,4.20263,0.37511
126.2,4.20604,0.37378
126.3,4.2095,0.37354
126.4,4.21267,0.37188
126.5,4.21595,0.37033
126.6,4.21937,0.36966
126.7,4.22245,0.36832
126.8,4.22588,0.36736
126.9,4.22946,0.3664
127,4.23267,0.36458
127.1,4.23582,0.363
127.2,4.23939,0.36186
127.3,4.24261,0.3605
127.4,4.24597,0.35908
127.5,4.24946,0.35733
127.6,4.25284,0.35634
127.7,4.25589,0.35445
127.8,4.25924,0.35294
127.9,4.26266,0.35246
128,4.26595,0.35102
128.1,4.26921,0.34931
128.2,4.27267,0.34836
128.3,4.27595,0.34762
128.4,4.27917,0.34535
128.5,4.28257,0.34441
128.6,4.28615,0.34351
128.7,4.28933,0.34159
128.8,4.29269,0.34008
128.9,4.29614,0.33977
129,4.29925,0.33758
129.1,4.30265,0.33683
129.2,4.30612,0.33563
129.3,4.30933,0.33464
129.4,4.31241,0.333
129.5,4.31602,0.3318
129.6,4.31926,0.33121
129.7,4.32259,0.32954
129.8,4.32598,0.32785
129.9,4.32946,0.32737
130,4.33258,0.32608
130.1,4.33603,0.32511
130.2,4.33939,0.32429
130.3,4.34283,0.3234
130.4,4.34601,0.32137
130.5,4.34934,0.32031
130.6,4.35268,0.31985
130.7,4.35581,0.31801
130.8,4.35919,0.31722
130.9,4.36273,0.31643
131,4.36594,0.3149
131.1,4.36919,0.31339
131.2,4.37273,0.31223
131.3,4.37589,0.31232
131.4,4.37928,0.31076
131.5,4.38283,0.30993
131.6,4.38616,0.30952
131.7,4.38919,0.30795
131.8,4.3928,0.30679
131.9,4.39594,0.30645
132,4.39918,0.30514
132.1,4.40258,0.30413
132.2,4.40605,0.30384
132.3,4.40915,0.30281
132.4,4.41264,0.30121
132.5,4.41594,0.30063
132.6,4.41938,0.30009
132.7,4.42263,0.29856
132.8,4.42608,0.29748
132.9,4.42948,0.29729
133,4.43265,0.29567
133.1,4.43598,0.29451
133.2,4.43944,0.29368
133.3,4.44263,0.29276
133.4,4.44581,0.29173
133.5,4.4494,0.29136
133.6,4.45251,0.29017
133.7,4.45588,0.28864
133.8,4.45936,0.28724
133.9,4.46268,0.28725
134,4.46583,0.28623
134.1,4.46943,0.285
134.2,4.47279,0.28409
134.3,4.47603,0.28288
134.4,4.47939,0.28204
134.5,4.48274,0.28081
134.6,4.48586,0.28009
134.7,4.48923,0.27936
134.8,4.4926,0.27867
134.9,4.49599,0.278
135,4.49923,0.2766
135.1,4.5026,0.27526
135.2,4.506,0.2753
135.3,4.50923,0.27395
135.4,4.51265,0.27321
135.5,4.51624,0.27262
135.6,4.51938,0.27183
135.7,4.52254,0.2705
135.8,4.52615,0.26996
135.9,4.52929,0.26965
136,4.53255,0.26851
136.1,4.53606,0.2674
136.2,4.53933,0.26655
136.3,4.54245,0.26505
136.4,4.54604,0.26469
136.5,4.54927,0.26491
136.6,4.55261,0.26452
136.7,4.55603,0.26264
136.8,4.55947,0.26117
136.9,4.56264,0.2605
137,4.56598,0.26172
137.1,4.56939,0.26117
137.2,4.57273,0.26062
137.3,4.57589,0.25952
137.4,4.57926,0.25794
137.5,4.58262,0.25735
137.6,4.58583,0.25577
137.7,4.58923,0.25423
137.8,4.59277,0.25364
137.9,4.59595,0.25285
138,4.59921,0.25243
138.1,4.60277,0.25214
138.2,4.60602,0.25198
138.3,4.6093,0.2516
138.4,4.61279,0.25123
138.5,4.61613,0.2518
138.6,4.61915,0.25176
138.7,4.62258,0.25222
138.8,4.62592,0.25157
138.9,4.62932,0.24942
139,4.63263,0.24877
139.1,4.63605,0.24888
139.2,4.63923,0.24747
139.3,4.64261,0.24605
139.4,4.64601,0.24535
139.5,4.64957,0.24373
139.6,4.65263,0.24282
139.7,4.65601,0.24172
139.8,4.65944,0.24063
139.9,4.6625,0.23955
140,4.66587,0.23774
140.1,4.66942,0.23595
140.2,4.67258,0.23557
140.3,4.6758,0.23265
140.4,4.67939,0.22853
140.5,4.68254,0.22635
140.6,4.68586,0.22461
140.7,4.68942,0.22287
140.8,4.69282,0.22157
140.9,4.69594,0.22066
141,4.69932,0.21866
141.1,4.7027,0.21796
141.2,4.7061,0.21681
141.3,4.70925,0.21577
141.4,4.71264,0.21499
141.5,4.71589,0.2141
141.6,4.71925,0.21236
141.7,4.72256,0.2111
141.8,4.72609,0.21015
141.9,4.72928,0.20909
142,4.73261,0.20798
142.1,4.73615,0.2078
142.2,4.73931,0.20686
142.3,4.74263,0.20608
142.4,4.74619,0.20516
142.5,4.74947,0.20459
142.6,4.75247,0.20352
142.7,4.75604,0.20307
142.8,4.75918,0.20279
142.9,4.76256,0.20231
143,4.76595,0.2011
143.1,4.76943,0.20096
143.2,4.7725,0.20028
143.3,4.77594,0.19918
143.4,4.77937,0.19871
143.5,4.78274,0.19875
143.6,4.78598,0.19701
143.7,4.78942,0.19602
143.8,4.79276,0.19595
143.9,4.79591,0.19453
144,4.79923,0.19417
144.1,4.80268,0.19416
144.2,4.80592,0.19304
144.3,4.8092,0.19167
144.4,4.8127,0.19176
144.5,4.81592,0.19107
144.6,4.81921,0.19022
144.7,4.82278,0.18971
144.8,4.82608,0.18936
144.9,4.82922,0.18841
145,4.83284,0.18811
145.1,4.83609,0.18709
145.2,4.83932,0.18695
145.3,4.84266,0.18617
145.4,4.84603,0.18596
145.5,4.84912,0.18584
145.6,4.8526,0.18478
145.7,4.85597,0.18394
145.8,4.85933,0.18403
145.9,4.86254,0.1829
146,4.86601,0.1821
146.1,4.8694,0.18218
146.2,4.87262,0.1813
146.3,4.87601,0.18093
146.4,4.87953,0.18192
146.5,4.88269,0.18153
146.6,4.88583,0.18079
146.7,4.88937,0.18195
146.8,4.89252,0.18197
146.9,4.89586,0.18143
147,4.8994,0.1817
147.1,4.90266,0.18219
147.2,4.9058,0.18195
147.3,4.90938,0.18197
147.4,4.91267,0.18174
147.5,4.91599,0.18169
147.6,4.91944,0.18046
147.7,4.92279,0.18017
147.8,4.92596,0.17999
147.9,4.92932,0.17899
148,4.93265,0.17823
148.1,4.93596,0.17797
148.2,4.93925,0.17795
148.3,4.9426,0.17702
148.4,4.94597,0.17669
148.5,4.94921,0.17563
148.6,4.95257,0.17549
148.7,4.95617,0.17549
148.8,4.95934,0.17515
148.9,4.96262,0.1745
149,4.96615,0.17373
149.1,4.96932,0.17385
149.2,4.97261,0.17283
149.3,4.97603,0.17224
149.4,4.97933,0.17154
149.5,4.98243,0.17138
149.6,4.98598,0.17072
149.7,4.98925,0.17035
149.8,4.99261,0.16967
149.9,4.99597,0.16846
150,4.99941,0.16838
150.1,5.00257,0.16744
150.2,5.00597,0.16693
150.3,5.00942,0.16685
150.4,5.01285,0.16619
150.5,5.01601,0.16531
150.6,5.01933,0.16436
150.7,5.02269,0.16439
150.8,5.02578,0.16346
150.9,5.02921,0.16303
151,5.0328,0.16246
151.1,5.03595,0.16212
151.2,5.03914,0.16115
151.3,5.04273,0.16133
151.4,5.04596,0.16112
151.5,5.04931,0.16002
151.6,5.05282,0.15964
151.7,5.05614,0.15911
151.8,5.05923,0.15821
151.9,5.06264,0.15779
152,5.06598,0.15739
152.1,5.06926,0.15767
152.2,5.07257,0.15657
152.3,5.07603,0.15612
152.4,5.0792,0.15519
152.5,5.08252,0.15471
152.6,5.08593,0.15447
152.7,5.08945,0.15396
152.8,5.09265,0.15314
152.9,5.09606,0.15258
153,5.09948,0.15235
153.1,5.10255,0.1515
153.2,5.10599,0.15135
153.3,5.10945,0.15064
153.4,5.11263,0.1502
153.5,5.11574,0.14943
153.6,5.11937,0.14931
153.7,5.12257,0.14872
153.8,5.12592,0.14812
153.9,5.12934,0.14739
154,5.13279,0.14686
154.1,5.13589,0.14627
154.2,5.13941,0.14557
154.3,5.14275,0.14525
154.4,5.14612,0.14519
154.5,5.14936,0.14408
154.6,5.15274,0.14389
154.7,5.15597,0.14374
154.8,5.15917,0.14243
154.9,5.16254,0.14226
155,5.16604,0.14196
155.1,5.16923,0.14191
155.2,5.17256,0.1412
155.3,5.17605,0.14085
155.4,5.17921,0.14051
155.5,5.18263,0.13989
155.6,5.1862,0.13961
155.7,5.18943,0.13929
155.8,5.19252,0.13897
155.9,5.19615,0.13852
156,5.19926,0.13822
156.1,5.20249,0.13788
156.2,5.20594,0.13717
156.3,5.20941,0.13712
156.4,5.21245,0.13686
156.5,5.21598,0.13621
156.6,5.21928,0.13599
156.7,5.22269,0.13546
156.8,5.22596,0.13502
156.9,5.22944,0.13482
157,5.23276,0.13449
157.1,5.23602,0.1334
157.2,5.23935,0.133
157.3,5.24278,0.13291
157.4,5.24592,0.13279
157.5,5.24916,0.13162
157.6,5.2527,0.13135
157.7,5.25583,0.13097
157.8,5.25923,0.13072
157.9,5.26273,0.12993
158,5.26601,0.12989
158.1,5.26915,0.12911
158.2,5.2728,0.1288
158.3,5.27603,0.12884
158.4,5.27932,0.12851
158.5,5.28273,0.12804
158.6,5.28611,0.12782
158.7,5.28915,0.12756
158.8,5.29259,0.12733
158.9,5.29595,0.12695
159,5.29929,0.1265
159.1,5.30258,0.12584
159.2,5.30596,0.12585
159.3,5.3093,0.12549
159.4,5.31258,0.12521
159.5,5.316,0.12472
159.6,5.31958,0.12504
159.7,5.32271,0.12449
159.8,5.3259,0.12399
159.9,5.32946,0.12394
160,5.3326,0.12351
160.1,5.33586,0.12308
160.2,5.33939,0.12258
160.3,5.34264,0.12226
160.4,5.34579,0.12183
160.5,5.34938,0.12182
160.6,5.3526,0.12198
160.7,5.35592,0.12128
160.8,5.35939,0.12083
160.9,5.36282,0.12046
161,5.36596,0.12043
161.1,5.36935,0.11934
161.2,5.37273,0.11967
161.3,5.37607,0.11893
161.4,5.37923,0.11826
161.5,5.38263,0.11803
161.6,5.38594,0.11835
161.7,5.38915,0.1181
161.8,5.39257,0.11789
161.9,5.39613,0.11806
162,5.39925,0.11774
162.1,5.40256,0.11717
162.2,5.40611,0.11686
162.3,5.40935,0.11698
162.4,5.41265,0.11706
162.5,5.41615,0.11639
162.6,5.41942,0.11597
162.7,5.42248,0.11575
162.8,5.42595,0.11527
162.9,5.42924,0.11525
163,5.4326,0.11483
163.1,5.43599,0.11464
163.2,5.43942,0.11472
163.3,5.44251,0.11416
163.4,5.44597,0.11366
163.5,5.44935,0.11329
163.6,5.45289,0.11365
163.7,5.45599,0.11272
163.8,5.45938,0.11205
163.9,5.46272,0.11175
164,5.46584,0.11157
164.1,5.46923,0.11106
164.2,5.47274,0.11053
164.3,5.47591,0.11031
164.4,5.47913,0.1094
164.5,5.48272,0.10896
164.6,5.48587,0.10815
164.7,5.48922,0.10751
164.8,5.49277,0.1072
164.9,5.49616,0.10679
165,5.49927,0.1063
165.1,5.5027,0.1057
165.2,5.50603,0.10592
165.3,5.5094,0.10589
165.4,5.5126,0.10585
165.5,5.516,0.10486
165.6,5.51917,0.10519
165.7,5.52257,0.10462
165.8,5.5259,0.10469
165.9,5.52942,0.10401
166,5.5326,0.10383
166.1,5.53598,0.10281
166.2,5.53947,0.10299
166.3,5.54265,0.1026
166.4,5.54599,0.10228
166.5,5.54954,0.10247
166.6,5.55275,0.10236
166.7,5.55582,0.10208
166.8,5.5594,0.10191
166.9,5.56252,0.10169
167,5.56583,0.10149
167.1,5.56931,0.10103
167.2,5.57278,0.10141
167.3,5.57579,0.10092
167.4,5.57929,0.10021
167.5,5.58268,0.10033
167.6,5.58607,0.10037
167.7,5.58934,0.09956
167.8,5.59278,0.09942
167.9,5.59601,0.09871
168,5.59928,0.09863
168.1,5.60261,0.0985
168.2,5.606,0.09851
168.3,5.6092,0.09804
168.4,5.61254,0.09763
168.5,5.61603,0.09789
168.6,5.61924,0.09703
168.7,5.62254,0.09702
168.8,5.62611,0.09677
168.9,5.62941,0.09684
169,5.63259,0.09604
169.1,5.63618,0.09611
169.2,5.63936,0.09596
169.3,5.64262,0.09571
169.4,5.64602,0.09525
169.5,5.64938,0.09523
169.6,5.65245,0.09501
169.7,5.65594,0.09444
169.8,5.6593,0.09432
169.9,5.66266,0.09421
170,5.66588,0.09393
170.1,5.66936,0.09383
170.2,5.67265,0.0935
170.3,5.67596,0.09313
170.4,5.67938,0.0934
170.5,5.68284,0.0933
170.6,5.68598,0.09348
170.7,5.68921,0.09286
170.8,5.69271,0.09313
170.9,5.69585,0.09235
171,5.69917,0.09167
171.1,5.70275,0.09192
171.2,5.70599,0.09124
171.3,5.70912,0.09062
171.4,5.71271,0.09023
171.5,5.71597,0.09013
171.6,5.71933,0.09028
171.7,5.72284,0.08972
171.8,5.72611,0.0899
171.9,5.72925,0.0897
172,5.73268,0.08967
172.1,5.73602,0.08943
172.2,5.7393,0.08914
172.3,5.74259,0.08849
172.4,5.74597,0.08854
172.5,5.74928,0.08883
172.6,5.75257,0.08836
172.7,5.7559,0.0883
172.8,5.75947,0.08826
172.9,5.76266,0.08805
173,5.76599,0.08756
173.1,5.76946,0.08714
173.2,5.77261,0.08763
173.3,5.77593,0.08698
173.4,5.77942,0.08692
173.5,5.78265,0.08674
173.6,5.78578,0.0865
173.7,5.78933,0.08633
173.8,5.79256,0.08644
173.9,5.79593,0.08585
174,5.79933,0.08493
174.1,5.80274,0.08472
174.2,5.80587,0.0842
174.3,5.80933,0.08323
174.4,5.81276,0.0825
174.5,5.81612,0.08263
174.6,5.81932,0.08163
174.7,5.8227,0.08122
174.8,5.82601,0.08132
174.9,5.82911,0.08053
175,5.83254,0.08001
175.1,5.83614,0.08009
175.2,5.8393,0.07935
175.3,5.84251,0.07897
175.4,5.84607,0.079
175.5,5.84926,0.07853
175.6,5.85264,0.07852
175.7,5.85622,0.07838
175.8,5.85946,0.07828
175.9,5.86254,0.07815
176,5.866,0.07726
176.1,5.86929,0.07764
176.2,5.87255,0.07768
176.3,5.87591,0.07723
176.4,5.87937,0.07734
176.5,5.88251,0.07713
176.6,5.88589,0.07682
176.7,5.88927,0.07677
176.8,5.89275,0.07672
176.9,5.896,0.07687
177,5.89944,0.07652
177.1,5.90277,0.07638
177.2,5.9059,0.07631
177.3,5.90931,0.07566
177.4,5.91281,0.07633
177.5,5.91594,0.07595
177.6,5.91911,0.07551
177.7,5.92272,0.07555
177.8,5.92589,0.07565
177.9,5.92924,0.0752
178,5.93269,0.07485
178.1,5.9361,0.07476
178.2,5.93919,0.07441
178.3,5.94278,0.07428
178.4,5.94607,0.07415
178.5,5.94941,0.07406
178.6,5.95268,0.07363
178.7,5.95609,0.07326
178.8,5.95926,0.07348
178.9,5.96252,0.07292
179,5.9659,0.07282
179.1,5.96937,0.07317
179.2,5.97256,0.07285
179.3,5.97592,0.07201
179.4,5.97936,0.07248
179.5,5.98253,0.07251
179.6,5.98598,0.0719
179.7,5.98956,0.07173
179.8,5.99275,0.07209
179.9,5.99587,0.07117
180,5.99947,0.07111
180.1,6.00258,0.07126
180.2,6.00583,0.07109
180.3,6.0093,0.07072
180.4,6.01275,0.07108
180.5,6.01577,0.07094
180.6,6.01934,0.07045
180.7,6.02262,0.07098
180.8,6.026,0.07052
180.9,6.02928,0.07072
181,6.03282,0.07039
181.1,6.03604,0.07019
181.2,6.03936,0.06917
181.3,6.04271,0.06947
181.4,6.04608,0.06929
181.5,6.04925,0.06908
181.6,6.05254,0.06869
181.7,6.05601,0.06858
181.8,6.05917,0.06796
181.9,6.06257,0.06816
182,6.06606,0.06797
182.1,6.06929,0.06768
182.2,6.07249,0.06743
182.3,6.07616,0.06663
182.4,6.07939,0.06661
182.5,6.08263,0.06663
182.6,6.0861,0.06685
182.7,6.08943,0.06657
182.8,6.09247,0.0663
182.9,6.09596,0.06592
183,6.09929,0.06638
183.1,6.10258,0.06653
183.2,6.10593,0.066
183.3,6.10935,0.06589
183.4,6.11259,0.06593
183.5,6.11591,0.06517
183.6,6.11933,0.0655
183.7,6.12287,0.06524
183.8,6.12603,0.06479
183.9,6.12926,0.06459
184,6.13277,0.06475
184.1,6.13594,0.06445
184.2,6.13924,0.06421
184.3,6.14272,0.06387
184.4,6.14596,0.06368
184.5,6.14914,0.06325
184.6,6.15275,0.0629
184.7,6.15591,0.06312
184.8,6.15923,0.06312
184.9,6.16278,0.06278
185,6.16613,0.06296
185.1,6.16926,0.06291
185.2,6.17268,0.06282
185.3,6.17606,0.06223
185.4,6.17933,0.06206
185.5,6.18257,0.06178
185.6,6.186,0.06206
185.7,6.18924,0.06247
185.8,6.1925,0.06207
185.9,6.19593,0.06156
186,6.19946,0.06138
186.1,6.20257,0.06101
186.2,6.20594,0.06053
186.3,6.20944,0.06007
186.4,6.21265,0.05991
186.5,6.21595,0.05956
186.6,6.2195,0.0591
186.7,6.22275,0.05932
186.8,6.22583,0.05916
186.9,6.22932,0.05878
187,6.23255,0.05904
187.1,6.2359,0.05881
187.2,6.23934,0.05823
187.3,6.24275,0.05902
187.4,6.2458,0.05818
187.5,6.24932,0.05791
187.6,6.25269,0.05754
187.7,6.25617,0.05729
187.8,6.25931,0.05654
187.9,6.26275,0.05688
188,6.26601,0.05682
188.1,6.26915,0.0558
188.2,6.27258,0.05587
188.3,6.27607,0.05613
188.4,6.27919,0.05596
188.5,6.2825,0.05589
188.6,6.28607,0.0551
188.7,6.28919,0.05542
188.8,6.29253,0.05545
188.9,6.29612,0.05537
189,6.29943,0.05538
189.1,6.30258,0.05491
189.2,6.30608,0.05458
189.3,6.30935,0.05464
189.4,6.31269,0.05428
189.5,6.31598,0.05443
189.6,6.31935,0.05454
189.7,6.32247,0.05373
189.8,6.32594,0.05305
189.9,6.32925,0.05316
190,6.33274,0.05295
190.1,6.33592,0.05275
190.2,6.33934,0.05273
190.3,6.34275,0.05198
190.4,6.34597,0.05205
190.5,6.34932,0.05109
190.6,6.35287,0.0512
190.7,6.35605,0.05162
190.8,6.35917,0.051
190.9,6.36273,0.0507
191,6.36581,0.05052
191.1,6.36917,0.05051
191.2,6.37269,0.04999
191.3,6.3761,0.05025
191.4,6.37911,0.04973
191.5,6.38266,0.04859
191.6,6.38601,0.0486
191.7,6.38937,0.04859
191.8,6.39269,0.04751
191.9,6.39615,0.04732
192,6.39932,0.04771
192.1,6.40263,0.04693
192.2,6.40595,0.04737
192.3,6.4093,0.04713
192.4,6.41253,0.04721
192.5,6.41593,0.04651
192.6,6.41933,0.04671
192.7,6.42257,0.04642
192.8,6.42588,0.046
192.9,6.42945,0.04595
193,6.43271,0.04603
193.1,6.43593,0.04591
193.2,6.43955,0.04559
193.3,6.44271,0.04579
193.4,6.44592,0.04552
193.5,6.44937,0.04511
193.6,6.45268,0.04541
193.7,6.45576,0.0453
193.8,6.45932,0.04464
193.9,6.46263,0.04462
194,6.46597,0.04478
194.1,6.46924,0.04472
194.2,6.47275,0.04467
194.3,6.47595,0.04469
194.4,6.47928,0.04443
194.5,6.48272,0.04441
194.6,6.48616,0.04456
194.7,6.48932,0.04415
194.8,6.49257,0.04383
194.9,6.49602,0.04398
195,6.49916,0.04382
195.1,6.50254,0.04353
195.2,6.50609,0.04376
195.3,6.50929,0.04344
195.4,6.51246,0.04302
195.5,6.51605,0.0429
195.6,6.5193,0.04318
195.7,6.52264,0.04263
195.8,6.52617,0.04287
195.9,6.52946,0.04269
196,6.53255,0.04241
196.1,6.53605,0.04227
196.2,6.53936,0.04226
196.3,6.54258,0.0422
196.4,6.54594,0.04227
196.5,6.54934,0.04209
196.6,6.55257,0.04221
196.7,6.5559,0.04161
196.8,6.55927,0.04147
196.9,6.56279,0.0415
197,6.56599,0.04191
197.1,6.56935,0.04127
197.2,6.57279,0.04171
197.3,6.57594,0.04168
197.4,6.57928,0.0414
197.5,6.58274,0.04154
197.6,6.58594,0.04139
197.7,6.58913,0.04116
197.8,6.59269,0.04106
197.9,6.59586,0.04074
198,6.59924,0.04076
198.1,6.60269,0.04109
198.2,6.60607,0.04025
198.3,6.60921,0.0409
198.4,6.61269,0.04017
198.5,6.6161,0.04024
198.6,6.6194,0.04028
198.7,6.62266,0.03991
198.8,6.62606,0.03955
198.9,6.62931,0.03972
199,6.63247,0.03999
199.1,6.63591,0.0394
199.2,6.63944,0.03948
199.3,6.64257,0.0396
199.4,6.64589,0.03964
199.5,6.64936,0.03932
199.6,6.65259,0.03931
199.7,6.65598,0.03922
199.8,6.65959,0.03873
199.9,6.66275,0.03892
200,6.66588,0.03872
200.1,6.66936,0.03837
200.2,6.67261,0.03824
200.3,6.67588,0.03816
200.4,6.67929,0.03835
200.5,6.68271,0.03807
200.6,6.6858,0.03791
200.7,6.68927,0.03713
200.8,6.69262,0.0371
200.9,6.69604,0.03743
201,6.69932,0.03696
201.1,6.70281,0.03669
201.2,6.70609,0.03696
201.3,6.70923,0.03672
201.4,6.71266,0.03714
201.5,6.71614,0.03667
201.6,6.71928,0.03666
201.7,6.72247,0.03604
201.8,6.72603,0.03688
201.9,6.72921,0.03611
202,6.73256,0.03629
202.1,6.73606,0.03594
202.2,6.73941,0.03569
202.3,6.74251,0.03573
202.4,6.74614,0.03543
202.5,6.74937,0.03516
202.6,6.75267,0.03515
202.7,6.75602,0.03508
202.8,6.75943,0.03482
202.9,6.76256,0.03538
203,6.76589,0.03585
203.1,6.76923,0.03474
203.2,6.77269,0.03516
203.3,6.77589,0.03484
203.4,6.7793,0.0344
203.5,6.78264,0.03457
203.6,6.78586,0.03428
203.7,6.78931,0.03436
203.8,6.79289,0.03416
203.9,6.79604,0.03423
204,6.79923,0.03343
204.1,6.80281,0.03366
204.2,6.80589,0.03342
204.3,6.80917,0.03356
204.4,6.81266,0.03322
204.5,6.81605,0.03347
204.6,6.81912,0.03327
204.7,6.82271,0.03301
204.8,6.82595,0.03327
204.9,6.82928,0.03312
205,6.83265,0.03265
205.1,6.83616,0.03259
205.2,6.83933,0.03248
205.3,6.8427,0.0323
205.4,6.84602,0.03201
205.5,6.84938,0.03184
205.6,6.8526,0.03183
205.7,6.85591,0.03172
205.8,6.85932,0.03181
205.9,6.86251,0.03167
206,6.86594,0.03174
206.1,6.86941,0.03192
206.2,6.87261,0.03152
206.3,6.87586,0.03146
206.4,6.87946,0.03177
206.5,6.88267,0.03222
206.6,6.88595,0.03183
206.7,6.88947,0.03173
206.8,6.89274,0.03124
206.9,6.89578,0.03079
207,6.89933,0.03037
207.1,6.9026,0.0303
207.2,6.90591,0.03026
207.3,6.90929,0.03033
207.4,6.91267,0.03003
207.5,6.91589,0.02991
207.6,6.91928,0.02958
207.7,6.92271,0.02928
207.8,6.92617,0.02951
207.9,6.92934,0.02953
208,6.93264,0.02847
208.1,6.9361,0.02914
208.2,6.93924,0.02869
208.3,6.9426,0.02804
208.4,6.94609,0.02839
208.5,6.94928,0.02828
208.6,6.95247,0.02802
208.7,6.95607,0.02797
208.8,6.95924,0.02771
208.9,6.96256,0.02752
209,6.96612,0.02699
209.1,6.96946,0.02743
209.2,6.97258,0.02745
209.3,6.97606,0.02706
209.4,6.97938,0.02658
209.5,6.98263,0.02657
209.6,6.98592,0.02661
209.7,6.98935,0.02624
209.8,6.99253,0.02628
209.9,6.99587,0.02631
210,6.99927,0.02568
210.1,7.00276,0.02618
210.2,7.00591,0.02593
210.3,7.0093,0.02568
210.4,7.01274,0.02594
210.5,7.01597,0.02598
210.6,7.01931,0.0255
210.7,7.02286,0.0255
210.8,7.02606,0.02581
210.9,7.02918,0.02564
211,7.03268,0.02569
211.1,7.03585,0.02573
211.2,7.03924,0.02577
211.3,7.04271,0.02536
211.4,7.04609,0.02543
211.5,7.04912,0.02556
211.6,7.05267,0.02546
211.7,7.05601,0.02505
211.8,7.05947,0.02499
211.9,7.06268,0.02468
212,7.06612,0.02487
212.1,7.06933,0.02489
212.2,7.07249,0.02448
212.3,7.07595,0.0243
212.4,7.07939,0.02438
212.5,7.08252,0.02445
212.6,7.08588,0.02412
212.7,7.08938,0.02446
212.8,7.0925,0.02421
212.9,7.09586,0.02423
213,7.09948,0.0245
213.1,7.10275,0.02482
213.2,7.10594,0.02432
213.3,7.10945,0.02489
213.4,7.11267,0.02423
213.5,7.11598,0.02437
213.6,7.11933,0.02435
213.7,7.1227,0.02393
213.8,7.12576,0.02442
213.9,7.12928,0.02401
214,7.13259,0.02427
214.1,7.13607,0.02471
214.2,7.13926,0.02451
214.3,7.14272,0.02428
214.4,7.14606,0.02434
214.5,7.14932,0.02462
214.6,7.15267,0.02437
214.7,7.1562,0.02442
214.8,7.15935,0.02442
214.9,7.16254,0.02399
215,7.16608,0.02447
215.1,7.16914,0.02399
215.2,7.1725,0.02376
215.3,7.17605,0.02363
215.4,7.17938,0.02363
215.5,7.18242,0.02326
215.6,7.186,0.0229
215.7,7.18933,0.02328
215.8,7.19268,0.02346
215.9,7.19606,0.02305
216,7.1995,0.02264
216.1,7.20259,0.02324
216.2,7.20598,0.02222
216.3,7.20931,0.0224
216.4,7.21261,0.02269
216.5,7.21585,0.02221
216.6,7.21928,0.02158
216.7,7.22262,0.02199
216.8,7.22591,0.02235
216.9,7.22922,0.02232
217,7.23282,0.0222
217.1,7.23602,0.02222
217.2,7.23929,0.02237
217.3,7.24289,0.02243
217.4,7.24603,0.02247
217.5,7.24926,0.02225
217.6,7.25273,0.02166
217.7,7.256,0.02247
217.8,7.25907,0.02213
217.9,7.26269,0.02257
218,7.26593,0.02257
218.1,7.26929,0.02261
218.2,7.27261,0.0224
218.3,7.2761,0.02248
218.4,7.27926,0.02295
218.5,7.28265,0.02277
218.6,7.28607,0.02308
218.7,7.28944,0.02299
218.8,7.29263,0.02282
218.9,7.29593,0.0231
219,7.29933,0.02339
219.1,7.30251,0.02336
219.2,7.3059,0.02407
219.3,7.30942,0.02472
219.4,7.31263,0.02509
219.5,7.31582,0.02501
219.6,7.31939,0.02567
219.7,7.32259,0.02628
219.8,7.32596,0.02579
219.9,7.32956,0.02521
220,7.33279,0.025
220.1,7.33586,0.02453
220.2,7.33939,0.02399
220.3,7.34267,0.02431
220.4,7.34589,0.02371
220.5,7.3493,0.02364
220.6,7.35269,0.02344
220.7,7.35588,0.02341
220.8,7.35927,0.02331
220.9,7.36262,0.02325
221,7.36608,0.02341
221.1,7.3693,0.02324
221.2,7.3727,0.0234
221.3,7.37611,0.02343
221.4,7.37928,0.02344
221.5,7.38264,0.02328
221.6,7.38609,0.02383
221.7,7.38927,0.02393
221.8,7.39248,0.02383
221.9,7.39602,0.02399
222,7.39919,0.02391
222.1,7.40255,0.02427
222.2,7.40605,0.02352
222.3,7.40936,0.02345
222.4,7.41252,0.02335
222.5,7.41604,0.02301
222.6,7.41943,0.02371
222.7,7.42272,0.02369
222.8,7.42602,0.02373
222.9,7.42939,0.02385
223,7.43259,0.02425
223.1,7.4358,0.02386
223.2,7.43925,0.02393
223.3,7.44277,0.02352
223.4,7.44594,0.02362
223.5,7.44925,0.02293
223.6,7.45269,0.02314
223.7,7.45593,0.02269
223.8,7.4593,0.02259
223.9,7.46294,0.02222
224,7.46605,0.02222
224.1,7.46923,0.02162
224.2,7.47271,0.0218
224.3,7.47592,0.02162
224.4,7.4792,0.02137
224.5,7.48266,0.02053
224.6,7.48603,0.02064
224.7,7.48913,0.0207
224.8,7.49263,0.02022
224.9,7.49595,0.01979
225,7.49933,0.01949
225.1,7.50268,0.01972
225.2,7.50616,0.02006
225.3,7.50938,0.01975
225.4,7.51256,0.01965
225.5,7.51599,0.02025
225.6,7.51946,0.01955
225.7,7.52258,0.01952
225.8,7.52585,0.01945
225.9,7.52933,0.01907
226,7.53256,0.01965
226.1,7.53588,0.01955
226.2,7.53941,0.01922
226.3,7.54271,0.02001
226.4,7.54587,0.01945
226.5,7.54947,0.01971
226.6,7.5527,0.01968
226.7,7.556,0.01987
226.8,7.55939,0.01975
226.9,7.56278,0.01995
227,7.56588,0.0203
227.1,7.56927,0.01975
227.2,7.57257,0.01972
227.3,7.57597,0.01964
227.4,7.57922,0.0192
227.5,7.58269,0.01905
227.6,7.58595,0.01935
227.7,7.58919,0.01922
227.8,7.59267,0.0189
227.9,7.59621,0.01889
228,7.59937,0.01878
228.1,7.60259,0.01805
228.2,7.60613,0.01825
228.3,7.60923,0.01831
228.4,7.61253,0.01845
228.5,7.61602,0.01804
228.6,7.61936,0.01864
228.7,7.62244,0.0189
228.8,7.62604,0.01894
228.9,7.62927,0.01878
229,7.63259,0.01892
229.1,7.63601,0.01839
229.2,7.63949,0.01889
229.3,7.64264,0.01863
229.4,7.64606,0.01815
229.5,7.64937,0.01793
229.6,7.65271,0.01788
229.7,7.65594,0.01737
229.8,7.65928,0.01713
229.9,7.6626,0.01705
230,7.66584,0.01637
230.1,7.66927,0.01651
230.2,7.67275,0.01697
230.3,7.67592,0.01662
230.4,7.67922,0.01631
230.5,7.68282,0.01644
230.6,7.68601,0.01659
230.7,7.6893,0.01641
230.8,7.69281,0.01632
230.9,7.69606,0.01671
231,7.69911,0.01646
231.1,7.70269,0.01609
231.2,7.70589,0.01602
231.3,7.7092,0.01603
231.4,7.71265,0.01593
231.5,7.71603,0.01585
231.6,7.71919,0.01546
231.7,7.72262,0.01535
231.8,7.72604,0.01563
231.9,7.72946,0.01552
232,7.7327,0.01552
232.1,7.736,0.01502
232.2,7.73939,0.01542
232.3,7.74258,0.01514
232.4,7.74597,0.01499
232.5,7.74941,0.01463
232.6,7.75258,0.01477
232.7,7.75585,0.0149
232.8,7.75941,0.0152
232.9,7.76257,0.01516
233,7.76587,0.01464
233.1,7.76947,0.01443
233.2,7.77279,0.01434
233.3,7.77593,0.01456
233.4,7.77943,0.01397
233.5,7.78268,0.01469
233.6,7.78592,0.01478
233.7,7.78929,0.01423
233.8,7.7927,0.01451
233.9,7.79582,0.01483
234,7.79922,0.01495
234.1,7.8026,0.0149
234.2,7.80606,0.01584
234.3,7.80924,0.01541
234.4,7.81267,0.01566
234.5,7.81606,0.01625
234.6,7.81931,0.01614
234.7,7.82266,0.01602
234.8,7.82619,0.01584
234.9,7.82932,0.01555
235,7.8325,0.01501
235.1,7.83606,0.01439
235.2,7.83918,0.01425
235.3,7.84255,0.01393
235.4,7.84607,0.01357
235.5,7.84939,0.01358
235.6,7.85246,0.01316
235.7,7.85601,0.01334
235.8,7.85934,0.01326
235.9,7.86276,0.01331
236,7.86605,0.01372
236.1,7.86949,0.01361
236.2,7.87261,0.01396
236.3,7.87583,0.01366
236.4,7.87934,0.01365
236.5,7.88274,0.01329
236.6,7.88584,0.01295
236.7,7.88925,0.01271
236.8,7.89268,0.0126
236.9,7.89584,0.01192
237,7.89921,0.01174
237.1,7.90282,0.01209
237.2,7.90606,0.01163
237.3,7.9093,0.01198
237.4,7.9128,0.01121
237.5,7.91595,0.01176
237.6,7.91928,0.01181
237.7,7.92271,0.01145
237.8,7.92604,0.01185
237.9,7.92909,0.01191
238,7.93265,0.01196
238.1,7.93593,0.01231
238.2,7.93935,0.01245
238.3,7.9426,0.01225
238.4,7.94608,0.01256
238.5,7.94936,0.01326
238.6,7.95267,0.01258
238.7,7.95604,0.01253
238.8,7.95953,0.01274
238.9,7.96266,0.01302
239,7.96591,0.01298
239.1,7.96941,0.01324
239.2,7.97248,0.01291
239.3,7.97585,0.01283
239.4,7.97939,0.01243
239.5,7.98269,0.01289
239.6,7.98578,0.01246
239.7,7.98937,0.01234
239.8,7.99263,0.01266
239.9,7.996,0.01197
240,7.99943,0.01197
240.1,8.00284,0.01203
240.2,8.00589,0.01197
240.3,8.00933,0.01153
240.4,8.01264,0.01158
240.5,8.01592,0.01177
240.6,8.01921,0.01208
240.7,8.02268,0.01178
240.8,8.02592,0.01222
240.9,8.02925,0.01233
241,8.03257,0.01214
241.1,8.03613,0.01254
241.2,8.03932,0.01212
241.3,8.04265,0.01165
241.4,8.04621,0.01151
241.5,8.04933,0.01133
241.6,8.05259,0.01159
241.7,8.0561,0.01127
241.8,8.05932,0.01131
241.9,8.06242,0.01111
242,8.06605,0.01114
242.1,8.06925,0.01128
242.2,8.07259,0.01111
242.3,8.07595,0.01098
242.4,8.0794,0.01127
242.5,8.08255,0.01167
242.6,8.08602,0.0109
242.7,8.08944,0.01181
242.8,8.09276,0.01133
242.9,8.09598,0.01144
243,8.09931,0.01132
243.1,8.10263,0.01133
243.2,8.10585,0.01104
243.3,8.10925,0.01097
243.4,8.11272,0.01048
243.5,8.11593,0.01026
243.6,8.1192,0.01062
243.7,8.12273,0.01012
243.8,8.12592,0.01102
243.9,8.12929,0.01066
244,8.13291,0.01067
244.1,8.1361,0.01143
244.2,8.13917,0.01055
244.3,8.14274,0.01095
244.4,8.146,0.01102
244.5,8.14921,0.01119
244.6,8.15266,0.01066
244.7,8.15603,0.01059
244.8,8.15916,0.01085
244.9,8.16263,0.01066
245,8.16596,0.01113
245.1,8.16937,0.01113
245.2,8.17266,0.011
245.3,8.17608,0.01109
245.4,8.17941,0.01115
245.5,8.1826,0.01069
245.6,8.18598,0.01015
245.7,8.18941,0.01064
245.8,8.19256,0.01088
245.9,8.19584,0.01054
246,8.19936,0.01089
246.1,8.20252,0.01114
246.2,8.20589,0.01117
246.3,8.20941,0.01121
246.4,8.21269,0.01175
246.5,8.21586,0.01202
246.6,8.2194,0.01207
246.7,8.22277,0.01259
246.8,8.22601,0.01284
246.9,8.22937,0.01288
247,8.23274,0.0126
247.1,8.23589,0.01269
247.2,8.23917,0.01284
247.3,8.24262,0.0129
247.4,8.24608,0.0131
247.5,8.24924,0.01229
247.6,8.25264,0.0121
247.7,8.25599,0.01217
247.8,8.25926,0.01265
247.9,8.26265,0.01214
248,8.26629,0.01259
248.1,8.26937,0.01319
248.2,8.27257,0.01308
248.3,8.27603,0.01329
248.4,8.27921,0.01427
248.5,8.28255,0.01439
248.6,8.28603,0.01435
248.7,8.28934,0.01553
248.8,8.29245,0.01453
248.9,8.296,0.01419
249,8.29928,0.01463
249.1,8.30262,0.01515
249.2,8.30601,0.01452
249.3,8.30951,0.01419
249.4,8.31269,0.01465
249.5,8.31592,0.0142
249.6,8.31933,0.01452
249.7,8.32278,0.0139
249.8,8.32593,0.01375
249.9,8.32922,0.01401
250,8.33265,0.01434
250.1,8.3359,0.01431
250.2,8.33921,0.01413
250.3,8.34277,0.01395
250.4,8.34601,0.0138
250.5,8.34919,0.01338
250.6,8.35283,0.01325
250.7,8.35607,0.01381
250.8,8.35935,0.01368
250.9,8.36277,0.01324
251,8.36611,0.01322
251.1,8.36916,0.01354
251.2,8.37264,0.01235
251.3,8.37591,0.01286
251.4,8.37926,0.013
251.5,8.38256,0.01236
251.6,8.38607,0.01229
251.7,8.38924,0.01289
251.8,8.39253,0.01292
251.9,8.39601,0.01254
252,8.39955,0.01318
252.1,8.4027,0.01318
252.2,8.40596,0.01307
252.3,8.40944,0.01305
252.4,8.41255,0.01249
252.5,8.41588,0.01202
252.6,8.41937,0.01275
252.7,8.42267,0.01329
252.8,8.42577,0.01288
252.9,8.42941,0.01327
253,8.4326,0.01386
253.1,8.43589,0.01366
253.2,8.43937,0.01383
253.3,8.44283,0.01421
253.4,8.44594,0.0142
253.5,8.44944,0.01446
253.6,8.45274,0.01454
253.7,8.456,0.01481
253.8,8.45929,0.01413
253.9,8.46265,0.0141
254,8.4659,0.01451
254.1,8.46919,0.0142
254.2,8.47262,0.01458
254.3,8.47606,0.0149
254.4,8.47922,0.01499
254.5,8.48258,0.01485
254.6,8.48614,0.01584
254.7,8.48931,0.01638
254.8,8.49263,0.01677
254.9,8.49616,0.01749
255,8.49939,0.01812
255.1,8.50245,0.01818
255.2,8.50601,0.0184
255.3,8.50922,0.01822
255.4,8.51251,0.01832
255.5,8.516,0.01747
255.6,8.51938,0.01754
255.7,8.5225,0.01714
255.8,8.52597,0.01589
255.9,8.52936,0.01613
256,8.53278,0.01586
256.1,8.53607,0.0156
256.2,8.53936,0.01575
256.3,8.54269,0.01638
256.4,8.54592,0.01596
256.5,8.54931,0.01627
256.6,8.55272,0.01692
256.7,8.55592,0.01631
256.8,8.55919,0.01556
256.9,8.56274,0.01577
257,8.56586,0.01518
257.1,8.5692,0.01536
257.2,8.57285,0.01516
257.3,8.57608,0.01494
257.4,8.57923,0.01444
257.5,8.58278,0.0134
257.6,8.58602,0.01192
257.7,8.58927,0.01162
257.8,8.59265,0.01138
257.9,8.59603,0.01154
258,8.59913,0.01135
258.1,8.60258,0.01156
258.2,8.60596,0.01139
258.3,8.60935,0.01199
258.4,8.61257,0.01157
258.5,8.61604,0.01196
258.6,8.61937,0.01239
258.7,8.62263,0.01373
258.8,8.62602,0.01358
258.9,8.62953,0.01399
259,8.6327,0.01421
259.1,8.63589,0.01323
259.2,8.63937,0.01321
259.3,8.64247,0.01335
259.4,8.64587,0.01265
259.5,8.64944,0.0125
259.6,8.65271,0.01306
259.7,8.65577,0.01305
259.8,8.6594,0.01368
259.9,8.66268,0.01299
260,8.66605,0.01303
260.1,8.66939,0.01195
260.2,8.67284,0.01145
260.3,8.67593,0.01145
260.4,8.6792,0.01006
260.5,8.68263,0.00996
260.6,8.686,0.00994
260.7,8.68919,0.00921
260.8,8.69263,0.00895
260.9,8.69598,0.01004
261,8.69916,0.00987
261.1,8.70256,0.00975
261.2,8.70615,0.01009
261.3,8.70937,0.01014
261.4,8.71263,0.01005
261.5,8.71614,0.01029
261.6,8.71929,0.01042
261.7,8.72264,0.00951
261.8,8.72604,0.00845
261.9,8.72933,0.0093
262,8.73239,0.0092
262.1,8.73603,0.00981
262.2,8.73927,0.0096
262.3,8.74265,0.00878
262.4,8.74594,0.00828
262.5,8.74946,0.00765
262.6,8.75264,0.00851
262.7,8.75601,0.00841
262.8,8.75939,0.00832
262.9,8.76286,0.00842
263,8.76601,0.00821
263.1,8.76927,0.00774
263.2,8.77271,0.00841
263.3,8.77581,0.00833
263.4,8.7792,0.00782
263.5,8.78273,0.0072
263.6,8.78597,0.00679
263.7,8.78913,0.00701
263.8,8.79274,0.00626
263.9,8.79593,0.00672
264,8.7993,0.00741
264.1,8.80278,0.0081
264.2,8.80617,0.00895
264.3,8.80922,0.00966
264.4,8.81271,0.00996
264.5,8.81596,0.01019
264.6,8.81922,0.00955
264.7,8.82256,0.00999
264.8,8.82603,0.00905
264.9,8.82919,0.00857
265,8.8326,0.00801
265.1,8.83594,0.00791
265.2,8.83946,0.00836
265.3,8.84262,0.00872
265.4,8.846,0.0086
265.5,8.84952,0.00912
265.6,8.85268,0.0083
265.7,8.85593,0.00733
265.8,8.85944,0.00647
265.9,8.86264,0.00602
266,8.86577,0.00605
266.1,8.86939,0.00615
266.2,8.87255,0.00594
266.3,8.8759,0.00639
266.4,8.87934,0.00676
266.5,8.88275,0.0075
266.6,8.88583,0.00803
266.7,8.88939,0.00823
266.8,8.89276,0.00798
266.9,8.89607,0.00724
267,8.89934,0.00651
267.1,8.90268,0.00637
267.2,8.90592,0.00622
267.3,8.90921,0.00578
267.4,8.91261,0.00522
267.5,8.91604,0.00566
267.6,8.91924,0.00536
267.7,8.92253,0.00573
267.8,8.92603,0.00574
267.9,8.92925,0.00576
268,8.93264,0.00596
268.1,8.93627,0.006
268.2,8.93942,0.00592
268.3,8.94254,0.0059
268.4,8.9461,0.00507
268.5,8.9493,0.00504
268.6,8.95253,0.00505
268.7,8.956,0.00464
268.8,8.95935,0.0043
268.9,8.96247,0.00366
269,8.96599,0.00405
269.1,8.96929,0.00409
269.2,8.97266,0.00411
269.3,8.97602,0.00363
269.4,8.97943,0.00396
269.5,8.9827,0.0042
269.6,8.98594,0.00313
269.7,8.98935,0.00304
269.8,8.99275,0.00295
269.9,8.99589,0.00329
270,8.99921,0.00261
270.1,9.00267,0.0031
270.2,9.00583,0.0037
270.3,9.00923,0.0035
270.4,9.01278,0.00317
270.5,9.01598,0.00339
270.6,9.01917,0.00376
270.7,9.02277,0.00364
270.8,9.02608,0.00379
270.9,9.02934,0.00362
271,9.03274,0.00428
271.1,9.0361,0.00447
271.2,9.0392,0.00451
271.3,9.04253,0.00496
271.4,9.04595,0.0043
271.5,9.04935,0.00436
271.6,9.0526,0.00408
271.7,9.05599,0.00401
271.8,9.05928,0.00423
271.9,9.06258,0.00364
272,9.06601,0.00384
272.1,9.06963,0.00405
272.2,9.07266,0.00387
272.3,9.07594,0.00367
272.4,9.0794,0.00316
272.5,9.08254,0.00304
272.6,9.08587,0.00277
272.7,9.08937,0.00232
272.8,9.09266,0.00275
272.9,9.09576,0.00245
273,9.09936,0.00291
273.1,9.10259,0.00295
273.2,9.10595,0.00311
273.3,9.10938,0.00325
273.4,9.11286,0.00324
273.5,9.11596,0.00359
273.6,9.11927,0.00348
273.7,9.12268,0.00342
273.8,9.1261,0.00371
273.9,9.12925,0.00399
274,9.13259,0.00391
274.1,9.13595,0.00454
274.2,9.13922,0.00408
274.3,9.14255,0.00405
274.4,9.14611,0.00464
274.5,9.14931,0.00541
274.6,9.15254,0.00563
274.7,9.15618,0.00572
274.8,9.15932,0.00647
274.9,9.16265,0.00585
275,9.16614,0.0059
275.1,9.16946,0.00603
275.2,9.17248,0.00641
275.3,9.17601,0.00654
275.4,9.17923,0.00713
275.5,9.18256,0.00746
275.6,9.18591,0.00657
275.7,9.18942,0.00671
275.8,9.19254,0.00648
275.9,9.19589,0.00611
276,9.19936,0.00638
276.1,9.20284,0.00607
276.2,9.206,0.00693
276.3,9.20934,0.00705
276.4,9.21279,0.00798
276.5,9.2159,0.00852
276.6,9.21922,0.00861
276.7,9.2227,0.01004
276.8,9.22596,0.01152
276.9,9.22913,0.01134
277,9.23276,0.01263
277.1,9.23591,0.0137
277.2,9.23922,0.01375
277.3,9.24274,0.01337
277.4,9.24616,0.01297
277.5,9.24925,0.0125
277.6,9.2528,0.01098
277.7,9.25605,0.01139
277.8,9.25931,0.01137
277.9,9.26266,0.01253
278,9.26602,0.01329
278.1,9.26921,0.01321
278.2,9.27255,0.01196
278.3,9.27596,0.01253
278.4,9.27939,0.01218
278.5,9.28255,0.01198
278.6,9.28594,0.01126
278.7,9.28944,0.01107
278.8,9.29263,0.00982
278.9,9.29599,0.01011
279,9.29951,0.00961
279.1,9.30268,0.00952
279.2,9.30579,0.00945
279.3,9.30938,0.0098
279.4,9.31255,0.00977
279.5,9.31583,0.01019
279.6,9.31938,0.0103
279.7,9.3227,0.01148
279.8,9.3258,0.01147
279.9,9.32933,0.01114
280,9.33268,0.011
280.1,9.33605,0.01167
280.2,9.33942,0.01106
280.3,9.34274,0.01086
280.4,9.34599,0.01092
280.5,9.34926,0.00937
280.6,9.35266,0.00879
280.7,9.35602,0.00878
280.8,9.35926,0.0084
280.9,9.36256,0.00878
281,9.36605,0.0098
281.1,9.36919,0.00866
281.2,9.37255,0.00805
281.3,9.37618,0.00739
281.4,9.3794,0.00667
281.5,9.38259,0.00551
281.6,9.38612,0.00452
281.7,9.38933,0.00476
281.8,9.39258,0.00532
281.9,9.39601,0.00463
282,9.39936,0.00538
282.1,9.40245,0.00517
282.2,9.40594,0.00452
282.3,9.40928,0.00376
282.4,9.41268,0.00464
282.5,9.41593,0.00352
282.6,9.4194,0.00339
282.7,9.42263,0.00346
282.8,9.42595,0.00354
282.9,9.42939,0.00339
283,9.43286,0.00309
283.1,9.436,0.00306
283.2,9.43925,0.00287
283.3,9.44271,0.00271
283.4,9.44581,0.00316
283.5,9.4492,0.00328
283.6,9.45279,0.00415
283.7,9.456,0.00455
283.8,9.45911,0.00446
283.9,9.46274,0.00499
284,9.46597,0.00578
284.1,9.46937,0.00533
284.2,9.47278,0.00472
284.3,9.47617,0.00554
284.4,9.47922,0.00569
284.5,9.48255,0.00531
284.6,9.48599,0.00693
284.7,9.48933,0.00732
284.8,9.49254,0.00645
284.9,9.49597,0.00603
285,9.49927,0.00609
285.1,9.50251,0.00576
285.2,9.50592,0.00651
285.3,9.50946,0.0068
285.4,9.51264,0.0069
285.5,9.51601,0.00774
285.6,9.51949,0.00841
285.7,9.52259,0.00921
285.8,9.52596,0.00967
285.9,9.52943,0.01078
286,9.53269,0.01011
286.1,9.53575,0.0108
286.2,9.53935,0.01113
286.3,9.54258,0.01142
286.4,9.54596,0.01107
286.5,9.5493,0.00909
286.6,9.5528,0.00752
286.7,9.55592,0.00844
286.8,9.55936,0.00748
286.9,9.56272,0.00842
287,9.56615,0.00895
287.1,9.56931,0.00873
287.2,9.57264,0.00882
287.3,9.57604,0.01012
287.4,9.57914,0.00988
287.5,9.58252,0.0099
287.6,9.58607,0.01085
287.7,9.58928,0.00963
287.8,9.59251,0.0079
287.9,9.59607,0.00779
288,9.59923,0.00714
288.1,9.60264,0.00671
288.2,9.60618,0.00678
288.3,9.60949,0.00821
288.4,9.61252,0.00914
288.5,9.61607,0.00973
288.6,9.61929,0.01052
288.7,9.62254,0.0107
288.8,9.6259,0.00996
288.9,9.62939,0.01117
289,9.63251,0.01093
289.1,9.63596,0.01092
289.2,9.63927,0.01035
289.3,9.64274,0.01069
289.4,9.64595,0.01059
289.5,9.64939,0.01046
289.6,9.65282,0.00984
289.7,9.65598,0.00745
289.8,9.6593,0.00659
289.9,9.6628,0.00984
290,9.66599,0.0106
290.1,9.66912,0.00768
290.2,9.67271,0.00643
290.3,9.67587,0.00497
290.4,9.67924,0.00411
290.5,9.6827,0.00365
290.6,9.68605,0.00464
290.7,9.68915,0.00483
290.8,9.69277,0.00448
290.9,9.69608,0.0035
291,9.69935,0.00286
291.1,9.70267,0.00326
291.2,9.70604,0.00431
291.3,9.70923,0.00502
291.4,9.71256,0.00468
291.5,9.71595,0.00536
291.6,9.71933,0.00645
291.7,9.72258,0.00745
291.8,9.72591,0.0077
291.9,9.72933,0.0086
292,9.73256,0.00888
292.1,9.73598,0.00919
292.2,9.7396,0.00907
292.3,9.74274,0.00939
292.4,9.74586,0.01013
292.5,9.74942,0.01078
292.6,9.75264,0.01181
292.7,9.75589,0.01276
292.8,9.75937,0.01379
292.9,9.76268,0.01516
293,9.76579,0.0163
293.1,9.76936,0.01802
293.2,9.77261,0.01931
293.3,9.77595,0.02113
293.4,9.77936,0.02195
293.5,9.78279,0.02444
293.6,9.78599,0.02604
293.7,9.78929,0.02726
293.8,9.7927,0.02946
293.9,9.79606,0.03279
294,9.79922,0.03356
294.1,9.80258,0.03451
294.2,9.80599,0.03525
294.3,9.80914,0.0331
294.4,9.81257,0.03276
294.5,9.81611,0.0316
294.6,9.81929,0.02942
294.7,9.82253,0.02736
294.8,9.82611,0.02668
294.9,9.82939,0.02778
295,9.83265,0.027
295.1,9.83609,0.02324
295.2,9.83943,0.01965
295.3,9.84252,0.01709
295.4,9.8459,0.01413
295.5,9.84927,0.01398
295.6,9.85265,0.0123
295.7,9.85593,0.01039
295.8,9.85936,0.00877
295.9,9.86257,0.00915
296,9.86594,0.00751
296.1,9.86933,0.00548
296.2,9.87293,0.00474
296.3,9.87597,0.00484
296.4,9.87932,0.00667
296.5,9.88274,0.00754
296.6,9.88587,0.00829
296.7,9.88923,0.00923
296.8,9.89273,0.00906
296.9,9.89595,0.00851
297,9.8991,0.00743
297.1,9.90273,0.00788
297.2,9.90591,0.00797
297.3,9.90924,0.00844
297.4,9.91272,0.00752
297.5,9.9162,0.00705
297.6,9.91928,0.00738
297.7,9.92265,0.00691
297.8,9.92603,0.00857
297.9,9.92943,0.00965
298,9.9326,0.01007
298.1,9.93596,0.01072
298.2,9.93924,0.01039
298.3,9.94256,0.0083
298.4,9.94589,0.00895
298.5,9.94944,0.01068
298.6,9.95261,0.0123
298.7,9.95591,0.01341
298.8,9.9595,0.01551
298.9,9.96267,0.01711
299,9.96598,0.01832
299.1,9.96948,0.01946
299.2,9.97276,0.02132
299.3,9.97581,0.02233
299.4,9.97939,0.02266
299.5,9.98256,0.02323
299.6,9.98589,0.02335
299.7,9.98928,0.02223
299.8,9.99276,0.02257
299.9,9.99583,0.02291
300,9.99923,0.02336
300.025,10,0.02297
