time,kN,disp,elongation
0,0.03125,0,0
0.05,0.03125,0,-0.0003125
0.1,3.05E-02,0,-0.000625
0.15,0.03125,0,-0.0003125
0.2,2.89E-02,0,-0.0009375
0.25,2.89E-02,0,-0.0003125
0.3,3.36E-02,0,-0.000625
0.35,0.034375,0,-0.0009375
0.4,0.03125,0,0
0.45,3.05E-02,0,-0.0003125
0.5,0.0328125,0,-0.0009375
0.55,3.36E-02,0,-0.000625
0.6,0.0328125,0,0
0.65,0.040625,0,-0.000625
0.7,0.0421875,0,-0.000625
0.75,0.0484375,0.0005,-0.0009375
0.8,5.70E-02,0.001,-0.0015625
0.85,0.06875,0.0015,-0.0003125
0.9,8.83E-02,0.0025,0.0003125
0.95,0.1117188,0.0035,-0.0003125
1,0.1398437,0.0045,-0.000625
1.05,0.1679688,0.006,0.0009375
1.1,0.2007813,0.008,0.0009375
1.15,0.2351563,0.0095,0.000625
1.2,0.26875,0.0115,0.0009375
1.25,0.3023438,0.0135,0.001875
1.3,0.3382812,0.0155,0.0015625
1.35,0.3671875,0.018,0.0021875
1.4,0.4,0.0205,0.0034375
1.45,0.4320312,0.0225,0.003125
1.5,0.4578125,0.025,0.003125
1.55,0.4851562,0.028,0.003125
1.6,0.5007812,0.0305,0.0034375
1.65,0.5070313,0.0325,0.004375
1.7,0.5210937,0.0355,0.0040625
1.75,0.5367187,0.038,0.0040625
1.8,0.5664063,0.04,0.003125
1.85,0.5890625,0.043,0.0040625
1.9,0.6117188,0.0455,0.0040625
1.95,0.6304687,0.048,0.005
2,0.65,0.0505,0.004375
2.05,0.6742188,0.053,0.0046875
2.1,0.6945313,0.0555,0.0053125
2.15,0.7125,0.058,0.005625
2.2,0.7328125,0.0605,0.005
2.25,0.7523438,0.063,0.0053125
2.3,0.7710937,0.0655,0.0053125
2.35,0.7914063,0.068,0.005625
2.4,0.8078125,0.0705,0.005
2.45,0.8242188,0.073,0.0053125
2.5,0.846875,0.0755,0.005625
2.55,0.8671875,0.078,0.0053125
2.6,0.884375,0.0805,0.00625
2.65,0.903125,0.083,0.006875
2.7,0.9210938,0.085,0.006875
2.75,0.9375,0.0875,0.0071875
2.8,0.9539062,0.09,0.0065625
2.85,0.9726563,0.0925,0.0065625
2.9,0.9867188,0.0945,0.0075
2.95,1.005469,0.097,0.0075
3,1.027344,0.099,0.0075
3.05,1.046875,0.1015,0.0075
3.1,1.061719,0.104,0.0078125
3.15,1.078125,0.106,0.0078125
3.2,1.095312,0.1085,0.0078125
3.25,1.109375,0.1105,0.0084375
3.3,1.123438,0.1125,0.008125
3.35,1.144531,0.115,0.008125
3.4,1.157031,0.117,0.0078125
3.45,1.172656,0.119,0.00875
3.5,1.189062,0.1215,0.0090625
3.55,1.20625,0.1235,0.00875
3.6,1.221094,0.1255,0.0090625
3.65,1.235937,0.1275,0.0084375
3.7,1.253906,0.13,0.0084375
3.75,1.267969,0.132,0.00875
3.8,1.283594,0.134,0.0096875
3.85,1.297656,0.136,0.01
3.9,1.313281,0.138,0.01
3.95,1.329687,0.14,0.01
4,1.34375,0.142,0.01
4.05,1.359375,0.144,0.010625
4.1,1.372656,0.146,0.010625
4.15,1.391406,0.148,0.0109375
4.2,1.403906,0.15,0.01
4.25,1.415625,0.152,0.010625
4.3,1.428125,0.154,0.011875
4.35,1.44375,0.156,0.0109375
4.4,1.458594,0.1575,0.0109375
4.45,1.474219,0.1595,0.0115625
4.5,1.486719,0.1615,0.011875
4.55,1.5,0.1635,0.0121875
4.6,1.5125,0.1655,0.0125
4.65,1.526562,0.167,0.011875
4.7,1.542187,0.169,0.011875
4.75,1.553906,0.171,0.011875
4.8,1.564844,0.1725,0.0125
4.85,1.578906,0.1745,0.0128125
4.9,1.592969,0.1765,0.013125
4.95,1.603906,0.178,0.0125
5,1.621094,0.18,0.0125
5.05,1.630469,0.182,0.011875
5.1,1.644531,0.1835,0.0134375
5.15,1.657812,0.1855,0.013125
5.2,1.671094,0.1875,0.013125
5.25,1.685156,0.189,0.014375
5.3,1.694531,0.191,0.0134375
5.35,1.710156,0.1925,0.0134375
5.4,1.724219,0.1945,0.01375
5.45,1.735937,0.1965,0.0140625
5.5,1.747656,0.198,0.013125
5.55,1.757813,0.1995,0.01375
5.6,1.771094,0.2015,0.014375
5.65,1.780469,0.2035,0.014375
5.7,1.796875,0.205,0.015
5.75,1.80625,0.207,0.0146875
5.8,1.817188,0.2085,0.014375
5.85,1.832813,0.2105,0.015
5.9,1.844531,0.212,0.015
5.95,1.858594,0.214,0.0146875
6,1.873438,0.2155,0.015
6.05,1.885937,0.2175,0.0146875
6.1,1.896875,0.219,0.0153125
6.15,1.903125,0.221,0.015625
6.2,1.916406,0.2225,0.01625
6.25,1.934375,0.224,0.015625
6.3,1.947656,0.226,0.015625
6.35,1.958594,0.228,0.015625
6.4,1.971875,0.2295,0.01625
6.45,1.982031,0.231,0.0159375
6.5,1.992188,0.233,0.0159375
6.55,2.001563,0.2345,0.0165625
6.6,2.014062,0.236,0.0175
6.65,2.025781,0.238,0.016875
6.7,2.035156,0.2395,0.0175
6.75,2.052344,0.241,0.0171875
6.8,2.065625,0.243,0.01625
6.85,2.078125,0.2445,0.0165625
6.9,2.090625,0.246,0.0184375
6.95,2.101563,0.2475,0.0178125
7,2.113281,0.2495,0.0171875
7.05,2.128906,0.251,0.0175
7.1,2.138281,0.2525,0.0175
7.15,2.14375,0.2545,0.0190625
7.2,2.15625,0.256,0.018125
7.25,2.16875,0.2575,0.018125
7.3,2.184375,0.259,0.0190625
7.35,2.196875,0.261,0.0190625
7.4,2.208594,0.2625,0.01875
7.45,2.221094,0.264,0.01875
7.5,2.23125,0.2655,0.019375
7.55,2.241406,0.2675,0.019375
7.6,2.25,0.2685,0.0196875
7.65,2.260937,0.2705,0.019375
7.7,2.275781,0.272,0.0190625
7.75,2.2875,0.2735,0.019375
7.8,2.295312,0.275,0.02
7.85,2.30625,0.277,0.0196875
7.9,2.316406,0.278,0.020625
7.95,2.326562,0.2795,0.020625
8,2.3375,0.2815,0.0203125
8.05,2.348438,0.283,0.02
8.1,2.360156,0.2845,0.020625
8.15,2.371094,0.286,0.0203125
8.2,2.392188,0.2875,0.02125
8.25,2.400781,0.289,0.0209375
8.3,2.409375,0.291,0.02125
8.35,2.417969,0.2925,0.0209375
8.4,2.425781,0.294,0.02125
8.45,2.434375,0.2955,0.0209375
8.5,2.448437,0.297,0.0215625
8.55,2.4625,0.2985,0.0215625
8.6,2.477344,0.3,0.0221875
8.65,2.489063,0.302,0.021875
8.7,2.499219,0.3035,0.021875
8.75,2.511719,0.3045,0.0215625
8.8,2.521094,0.3065,0.0225
8.85,2.532031,0.308,0.021875
8.9,2.545312,0.3095,0.0215625
8.95,2.553125,0.311,0.0228125
9,2.563281,0.3125,0.0228125
9.05,2.574219,0.314,0.0225
9.1,2.582031,0.3155,0.023125
9.15,2.59375,0.317,0.0228125
9.2,2.605469,0.3185,0.0225
9.25,2.617969,0.32,0.023125
9.3,2.63125,0.3215,0.0228125
9.35,2.640625,0.323,0.023125
9.4,2.655469,0.3245,0.023125
9.45,2.663281,0.326,0.023125
9.5,2.671875,0.3275,0.0234375
9.55,2.68125,0.329,0.02375
9.6,2.69375,0.3305,0.02375
9.65,2.704688,0.332,0.0234375
9.7,2.719531,0.3335,0.0240625
9.75,2.729687,0.335,0.02375
9.8,2.739063,0.3365,0.024375
9.85,2.748437,0.338,0.0240625
9.9,2.75625,0.3395,0.0253125
9.95,2.771094,0.341,0.0240625
10,2.779687,0.3425,0.024375
10.05,2.789063,0.344,0.025
10.1,2.802344,0.345,0.0246875
10.15,2.813281,0.3465,0.025
10.2,2.824219,0.3485,0.0253125
10.25,2.834375,0.3495,0.025
10.3,2.845313,0.351,0.0253125
10.35,2.854687,0.3525,0.0253125
10.4,2.8625,0.354,0.0259375
10.45,2.874219,0.3555,0.0253125
10.5,2.884375,0.357,0.025625
10.55,2.898438,0.3585,0.0259375
10.6,2.9125,0.36,0.02625
10.65,2.919531,0.361,0.025625
10.7,2.929688,0.363,0.0259375
10.75,2.940625,0.3645,0.0265625
10.8,2.948437,0.3655,0.026875
10.85,2.958594,0.367,0.02625
10.9,2.971094,0.3685,0.026875
10.95,2.978906,0.37,0.026875
11,2.991406,0.3715,0.0265625
11.05,3.001563,0.373,0.026875
11.1,3.010937,0.3745,0.026875
11.15,3.026562,0.376,0.0271875
11.2,3.032031,0.3775,0.0278125
11.25,3.041406,0.379,0.026875
11.3,3.051563,0.3805,0.0271875
11.35,3.063281,0.382,0.0271875
11.4,3.073437,0.383,0.0284375
11.45,3.085938,0.3845,0.0284375
11.5,3.096094,0.386,0.02875
11.55,3.104687,0.3875,0.0284375
11.6,3.114844,0.389,0.028125
11.65,3.127344,0.3905,0.028125
11.7,3.139844,0.3915,0.0290625
11.75,3.15,0.393,0.02875
11.8,3.164063,0.3945,0.0284375
11.85,3.171094,0.396,0.02875
11.9,3.179688,0.3975,0.0284375
11.95,3.191406,0.399,0.0290625
12,3.198437,0.4,0.0290625
12.05,3.210156,0.4015,0.0290625
12.1,3.221094,0.403,0.0296875
12.15,3.228125,0.4045,0.029375
12.2,3.239063,0.406,0.0296875
12.25,3.251563,0.407,0.0290625
12.3,3.264844,0.4085,0.03
12.35,3.272656,0.41,0.0296875
12.4,3.285156,0.4115,0.0303125
12.45,3.298438,0.413,0.03
12.5,3.307031,0.414,0.03
12.55,3.31875,0.4155,0.030625
12.6,3.325,0.417,0.0309375
12.65,3.334375,0.4185,0.03
12.7,3.340625,0.42,0.0303125
12.75,3.355469,0.421,0.0303125
12.8,3.365625,0.4225,0.0303125
12.85,3.377344,0.424,0.0315625
12.9,3.385156,0.4255,0.0315625
12.95,3.392969,0.4265,0.0309375
13,3.403906,0.428,0.0315625
13.05,3.420312,0.4295,0.0315625
13.1,3.432812,0.431,0.0321875
13.15,3.442188,0.4325,0.0325
13.2,3.449219,0.434,0.0315625
13.25,3.460938,0.435,0.03125
13.3,3.471875,0.4365,0.0315625
13.35,3.485156,0.438,0.0315625
13.4,3.496094,0.4395,0.031875
13.45,3.502344,0.4405,0.033125
13.5,3.5125,0.442,0.031875
13.55,3.523438,0.4435,0.0321875
13.6,3.533594,0.445,0.0321875
13.65,3.544531,0.446,0.033125
13.7,3.553125,0.4475,0.0328125
13.75,3.560156,0.449,0.033125
13.8,3.570313,0.45,0.033125
13.85,3.58125,0.4515,0.0334375
13.9,3.594531,0.453,0.033125
13.95,3.604687,0.4545,0.03375
14,3.619531,0.4555,0.0328125
14.05,3.624219,0.457,0.0334375
14.1,3.632813,0.4585,0.03375
14.15,3.644531,0.46,0.0334375
14.2,3.655469,0.4615,0.0334375
14.25,3.664063,0.4625,0.0346875
14.3,3.674219,0.464,0.0340625
14.35,3.690625,0.4655,0.0340625
14.4,3.698437,0.4665,0.034375
14.45,3.707031,0.468,0.03375
14.5,3.714062,0.4695,0.035
14.55,3.725781,0.4705,0.0353125
14.6,3.7375,0.472,0.0353125
14.65,3.749219,0.4735,0.0353125
14.7,3.760937,0.475,0.034375
14.75,3.769531,0.476,0.035
14.8,3.776562,0.4775,0.035625
14.85,3.789063,0.479,0.03625
14.9,3.796094,0.48,0.035625
14.95,3.80625,0.4815,0.0365625
15,3.817969,0.483,0.0365625
15.05,3.826562,0.484,0.036875
15.1,3.836719,0.4855,0.036875
15.15,3.853906,0.487,0.0371875
15.2,3.861719,0.488,0.03625
15.25,3.867188,0.4895,0.036875
15.3,3.875,0.491,0.0365625
15.35,3.884375,0.4925,0.0359375
15.4,3.897656,0.4935,0.0359375
15.45,3.908594,0.495,0.03625
15.5,3.917969,0.4965,0.0371875
15.55,3.926563,0.498,0.03625
15.6,3.934375,0.499,0.0378125
15.65,3.945313,0.5005,0.0378125
15.7,3.957813,0.502,0.038125
15.75,3.964844,0.503,0.03875
15.8,3.975781,0.5045,0.038125
15.85,3.985938,0.506,0.038125
15.9,3.996875,0.5075,0.0384375
15.95,4.008594,0.5085,0.0378125
16,4.017969,0.51,0.0378125
16.05,4.027344,0.5115,0.0384375
16.1,4.038281,0.5125,0.0378125
16.15,4.046875,0.514,0.03875
16.2,4.05625,0.5155,0.0384375
16.25,4.064063,0.517,0.0378125
16.3,4.072656,0.518,0.03875
16.35,4.084375,0.5195,0.039375
16.4,4.095313,0.521,0.039375
16.45,4.104688,0.522,0.039375
16.5,4.115625,0.5235,0.0396875
16.55,4.125781,0.525,0.0390625
16.6,4.135938,0.5265,0.040625
16.65,4.146094,0.5275,0.04
16.7,4.153125,0.529,0.0396875
16.75,4.164063,0.5305,0.0403125
16.8,4.173438,0.532,0.040625
16.85,4.178906,0.533,0.0409375
16.9,4.194531,0.5345,0.040625
16.95,4.20625,0.536,0.04125
17,4.214063,0.537,0.04
17.05,4.225781,0.5385,0.0415625
17.1,4.232812,0.54,0.0409375
17.15,4.242969,0.5415,0.04125
17.2,4.25,0.5425,0.0421875
17.25,4.263281,0.544,0.0421875
17.3,4.272656,0.545,0.041875
17.35,4.283594,0.5465,0.0415625
17.4,4.294531,0.548,0.041875
17.45,4.301562,0.5495,0.0425
17.5,4.309375,0.5505,0.041875
17.55,4.319531,0.552,0.0421875
17.6,4.330469,0.5535,0.0421875
17.65,4.340625,0.555,0.043125
17.7,4.348437,0.556,0.0428125
17.75,4.357031,0.5575,0.04375
17.8,4.367969,0.559,0.045
17.85,4.374219,0.56,0.043125
17.9,4.382031,0.5615,0.04375
17.95,4.39375,0.563,0.044375
18,4.404687,0.5645,0.044375
18.05,4.413281,0.5655,0.0440625
18.1,4.423438,0.567,0.044375
18.15,4.429688,0.5685,0.0453125
18.2,4.441406,0.57,0.0453125
18.25,4.452344,0.571,0.045
18.3,4.461719,0.5725,0.0453125
18.35,4.475781,0.574,0.0453125
18.4,4.483594,0.575,0.0459375
18.45,4.490625,0.5765,0.0459375
18.5,4.497656,0.578,0.0459375
18.55,4.510156,0.5795,0.0459375
18.6,4.519531,0.5805,0.0465625
18.65,4.528906,0.582,0.04625
18.7,4.539063,0.5835,0.0459375
18.75,4.546875,0.5845,0.04625
18.8,4.558594,0.586,0.0465625
18.85,4.567187,0.5875,0.0465625
18.9,4.578906,0.589,0.046875
18.95,4.5875,0.59,0.0465625
19,4.59375,0.5915,0.0471875
19.05,4.603125,0.593,0.0475
19.1,4.610938,0.594,0.0478125
19.15,4.620313,0.5955,0.048125
19.2,4.627344,0.597,0.0471875
19.25,4.638281,0.5985,0.0475
19.3,4.65,0.5995,0.0484375
19.35,4.659375,0.601,0.04875
19.4,4.667969,0.6025,0.0484375
19.45,4.677344,0.6035,0.0490625
19.5,4.685156,0.605,0.04875
19.55,4.695313,0.6065,0.049375
19.6,4.705469,0.608,0.0490625
19.65,4.714844,0.609,0.049375
19.7,4.722656,0.6105,0.049375
19.75,4.73125,0.612,0.049375
19.8,4.739844,0.6135,0.0503125
19.85,4.746875,0.6145,0.05
19.9,4.757813,0.616,0.050625
19.95,4.770312,0.6175,0.0503125
20,4.782813,0.619,0.050625
20.05,4.796875,0.6205,0.050625
20.1,4.8,0.6215,0.0509375
20.15,4.801562,0.623,0.05125
20.2,4.807813,0.6245,0.0515625
20.25,4.820313,0.6255,0.0515625
20.3,4.832812,0.627,0.0521875
20.35,4.840625,0.6285,0.0515625
20.4,4.853906,0.63,0.0528125
20.45,4.858594,0.631,0.0525
20.5,4.864062,0.6325,0.053125
20.55,4.879687,0.634,0.05375
20.6,4.888281,0.6355,0.0534375
20.65,4.898438,0.637,0.0534375
20.7,4.903125,0.6385,0.053125
20.75,4.910937,0.6395,0.053125
20.8,4.920312,0.641,0.054375
20.85,4.928125,0.6425,0.053125
20.9,4.939844,0.644,0.054375
20.95,4.948438,0.6455,0.0540625
21,4.955469,0.647,0.055
21.05,4.967187,0.6485,0.0546875
21.1,4.978906,0.65,0.05625
21.15,4.9875,0.651,0.055625
21.2,4.994531,0.6525,0.0553125
21.25,5.002344,0.654,0.05625
21.3,5.010156,0.6555,0.05625
21.35,5.019531,0.657,0.0559375
21.4,5.027344,0.6585,0.056875
21.45,5.036719,0.66,0.0578125
21.5,5.044531,0.6615,0.0571875
21.55,5.052344,0.663,0.056875
21.6,5.064844,0.664,0.0571875
21.65,5.076562,0.6655,0.0578125
21.7,5.084375,0.667,0.0578125
21.75,5.09375,0.6685,0.058125
21.8,5.1,0.67,0.0575
21.85,5.103125,0.6715,0.0578125
21.9,5.110156,0.673,0.0584375
21.95,5.119531,0.6745,0.0590625
22,5.134375,0.676,0.059375
22.05,5.140625,0.6775,0.0603125
22.1,5.15,0.679,0.0596875
22.15,5.161719,0.6805,0.0596875
22.2,5.171875,0.682,0.0603125
22.25,5.177344,0.6835,0.06
22.3,5.182813,0.685,0.060625
22.35,5.188281,0.6865,0.060625
22.4,5.196875,0.688,0.0615625
22.45,5.207812,0.6895,0.0621875
22.5,5.217187,0.691,0.061875
22.55,5.227344,0.6925,0.061875
22.6,5.235156,0.694,0.0625
22.65,5.24375,0.6955,0.063125
22.7,5.247656,0.697,0.063125
22.75,5.254687,0.6985,0.06375
22.8,5.265625,0.7,0.0634375
22.85,5.273438,0.7015,0.064375
22.9,5.283594,0.703,0.06375
22.95,5.294531,0.7045,0.064375
23,5.307813,0.706,0.0640625
23.05,5.317187,0.7075,0.0659375
23.1,5.321875,0.709,0.0659375
23.15,5.328125,0.7105,0.065625
23.2,5.332812,0.712,0.06625
23.25,5.340625,0.7135,0.0665625
23.3,5.35,0.715,0.0671875
23.35,5.357812,0.7165,0.0675
23.4,5.370313,0.718,0.068125
23.45,5.380469,0.7195,0.068125
23.5,5.389062,0.721,0.0690625
23.55,5.395312,0.7225,0.06875
23.6,5.400781,0.7245,0.06875
23.65,5.411719,0.726,0.07
23.7,5.41875,0.7275,0.069375
23.75,5.428906,0.729,0.0709375
23.8,5.435156,0.7305,0.07
23.85,5.445313,0.732,0.07125
23.9,5.452344,0.7335,0.07125
23.95,5.458594,0.735,0.07125
24,5.465625,0.7365,0.0725
24.05,5.474219,0.7385,0.0725
24.1,5.482031,0.74,0.0728125
24.15,5.490625,0.7415,0.0734375
24.2,5.498437,0.743,0.0740625
24.25,5.507813,0.7445,0.0740625
24.3,5.521094,0.7465,0.0746875
24.35,5.528906,0.748,0.0746875
24.4,5.533594,0.7495,0.075625
24.45,5.540625,0.751,0.07625
24.5,5.549219,0.7525,0.0759375
24.55,5.560937,0.7545,0.0765625
24.6,5.56875,0.756,0.076875
24.65,5.576562,0.7575,0.0765625
24.7,5.579688,0.759,0.0778125
24.75,5.588281,0.761,0.0784375
24.8,5.59375,0.7625,0.0784375
24.85,5.6,0.764,0.079375
24.9,5.609375,0.766,0.08
24.95,5.61875,0.7675,0.0790625
25,5.626563,0.769,0.0809375
25.05,5.635156,0.7705,0.0815625
25.1,5.644531,0.7725,0.08125
25.15,5.652344,0.774,0.08125
25.2,5.657813,0.7755,0.0825
25.25,5.664844,0.7775,0.083125
25.3,5.676562,0.779,0.0828125
25.35,5.682031,0.7805,0.0840625
25.4,5.692969,0.7825,0.08375
25.45,5.702344,0.784,0.0840625
25.5,5.710938,0.7855,0.085625
25.55,5.717187,0.7875,0.0853125
25.6,5.725,0.789,0.086875
25.65,5.735938,0.791,0.0871875
25.7,5.735938,0.7925,0.086875
25.75,5.741406,0.7945,0.08875
25.8,5.748437,0.796,0.0884375
25.85,5.752344,0.7975,0.08875
25.9,5.760938,0.7995,0.08875
25.95,5.772656,0.801,0.0896875
26,5.782813,0.803,0.09
26.05,5.792188,0.8045,0.0909375
26.1,5.798438,0.8065,0.09125
26.15,5.802344,0.808,0.0925
26.2,5.817187,0.81,0.093125
26.25,5.825781,0.8115,0.093125
26.3,5.832812,0.8135,0.0940625
26.35,5.842969,0.815,0.09375
26.4,5.849219,0.817,0.0953125
26.45,5.852344,0.8185,0.09625
26.5,5.857812,0.8205,0.09625
26.55,5.864844,0.822,0.0965625
26.6,5.876563,0.824,0.0978125
26.65,5.880469,0.8255,0.0975
26.7,5.890625,0.8275,0.09875
26.75,5.898438,0.8295,0.0996875
26.8,5.9,0.831,0.0990625
26.85,5.907031,0.833,0.099375
26.9,5.917188,0.8345,0.1009375
26.95,5.926562,0.8365,0.1021875
27,5.933594,0.8385,0.1025
27.05,5.9375,0.84,0.10375
27.1,5.946094,0.842,0.1040625
27.15,5.953125,0.844,0.1053125
27.2,5.959375,0.8455,0.1053125
27.25,5.967187,0.8475,0.105625
27.3,5.975,0.8495,0.1065625
27.35,5.98125,0.851,0.1071875
27.4,5.989062,0.853,0.1084375
27.45,5.994531,0.855,0.109375
27.5,6.003906,0.8565,0.1096875
27.55,6.007813,0.8585,0.11
27.6,6.016406,0.8605,0.1109375
27.65,6.027344,0.8625,0.1109375
27.7,6.034375,0.864,0.1128125
27.75,6.041406,0.866,0.1134375
27.8,6.049219,0.868,0.1146875
27.85,6.055469,0.87,0.115
27.9,6.060156,0.872,0.1159375
27.95,6.064063,0.874,0.1171875
28,6.071094,0.876,0.1175
28.05,6.076562,0.8775,0.118125
28.1,6.082031,0.8795,0.119375
28.15,6.092187,0.8815,0.1203125
28.2,6.100781,0.8835,0.120625
28.25,6.107812,0.8855,0.1225
28.3,6.110938,0.8875,0.1221875
28.35,6.120313,0.8895,0.1228125
28.4,6.126563,0.8915,0.12375
28.45,6.130469,0.8935,0.1253125
28.5,6.132031,0.8955,0.125625
28.55,6.139844,0.8975,0.1275
28.6,6.146094,0.8995,0.1271875
28.65,6.15625,0.9015,0.12875
28.7,6.157813,0.9035,0.129375
28.75,6.166406,0.906,0.13125
28.8,6.171875,0.908,0.1321875
28.85,6.176562,0.91,0.1334375
28.9,6.18125,0.912,0.13375
28.95,6.189844,0.914,0.1353125
29,6.19375,0.916,0.1365625
29.05,6.199219,0.9185,0.1371875
29.1,6.201562,0.9205,0.1375
29.15,6.210156,0.9225,0.1390625
29.2,6.214844,0.925,0.14
29.25,6.217969,0.927,0.1403125
29.3,6.225,0.929,0.1415625
29.35,6.232812,0.9315,0.14375
29.4,6.238281,0.9335,0.1440625
29.45,6.2375,0.9355,0.145
29.5,6.242969,0.938,0.1453125
29.55,6.248437,0.94,0.14625
29.6,6.251563,0.9425,0.1475
29.65,6.258594,0.9445,0.1490625
29.7,6.264062,0.947,0.1503125
29.75,6.2625,0.949,0.1521875
29.8,6.264844,0.9515,0.1525
29.85,6.269531,0.9535,0.1540625
29.9,6.275,0.956,0.155625
29.95,6.275,0.9585,0.1571875
30,6.275781,0.9605,0.159375
30.05,6.277344,0.963,0.160625
30.1,6.282813,0.9655,0.1621875
30.15,6.286719,0.9675,0.1634375
30.2,6.288281,0.97,0.1653125
30.25,6.289063,0.9725,0.166875
30.3,6.290625,0.975,0.1684375
30.35,6.289063,0.9775,0.1696875
30.4,6.292969,0.98,0.1709375
30.45,6.29375,0.9825,0.1734375
30.5,6.292969,0.985,0.175
30.55,6.289844,0.9875,0.1771875
30.6,6.292969,0.99,0.1784375
30.65,6.296094,0.9925,0.180625
30.7,6.298438,0.9955,0.183125
30.75,6.296875,0.998,0.1846875
30.8,6.299219,1.0005,0.18625
30.85,6.296875,1.0035,0.188125
30.9,6.296875,1.006,0.19
30.95,6.297656,1.0085,0.1915625
31,6.297656,1.0115,0.194375
31.05,6.297656,1.014,0.19625
31.1,6.299219,1.017,0.198125
31.15,6.299219,1.02,0.2009375
31.2,6.297656,1.0225,0.2028125
31.25,6.296875,1.0255,0.2053125
31.3,6.299219,1.0285,0.2071875
31.35,6.3,1.0315,0.20875
31.4,6.300781,1.0345,0.2103125
31.45,6.304688,1.037,0.2140625
31.5,6.304688,1.04,0.216875
31.55,6.301562,1.043,0.219375
31.6,6.300781,1.046,0.221875
31.65,6.303125,1.049,0.2246875
31.7,6.307813,1.0525,0.2259375
31.75,6.307031,1.0555,0.229375
31.8,6.307031,1.0585,0.231875
31.85,6.310156,1.0615,0.2346875
31.9,6.314063,1.0645,0.236875
31.95,6.311719,1.068,0.2390625
32,6.314063,1.071,0.2421875
32.05,6.314063,1.074,0.244375
32.1,6.3125,1.0775,0.2475
32.15,6.3125,1.0805,0.25
32.2,6.320313,1.084,0.253125
32.25,6.323438,1.087,0.2559375
32.3,6.321875,1.0905,0.259375
32.35,6.321094,1.094,0.261875
32.4,6.321094,1.097,0.265
32.45,6.322656,1.1005,0.2671875
32.5,6.321875,1.104,0.269375
32.55,6.323438,1.1075,0.27375
32.6,6.323438,1.111,0.2759375
32.65,6.325,1.1145,0.2803125
32.7,6.328906,1.118,0.2834375
32.75,6.328125,1.1215,0.28625
32.8,6.327344,1.125,0.289375
32.85,6.329688,1.1285,0.2925
32.9,6.325781,1.132,0.2953125
32.95,6.33125,1.1355,0.2984375
33,6.328906,1.1395,0.3015625
33.05,6.33125,1.143,0.3053125
33.1,6.325781,1.147,0.308125
33.15,6.321875,1.1505,0.3121875
33.2,6.324219,1.1545,0.314375
33.25,6.323438,1.1585,0.3190625
33.3,6.324219,1.162,0.321875
33.35,6.325,1.166,0.325
33.4,6.328125,1.17,0.3296875
33.45,6.325,1.1735,0.3328125
33.5,6.325,1.1775,0.3378125
33.55,6.327344,1.1815,0.3409375
33.6,6.322656,1.1855,0.34375
33.65,6.319531,1.1895,0.3490625
33.7,6.322656,1.1935,0.3521875
33.75,6.320313,1.1975,0.3559375
33.8,6.321875,1.2015,0.3603125
33.85,6.322656,1.206,0.36375
33.9,6.325,1.21,0.368125
33.95,6.31875,1.214,0.3715625
34,6.31875,1.218,0.37625
34.05,6.319531,1.2225,0.3809375
34.1,6.319531,1.2265,0.3846875
34.15,6.317969,1.231,0.38875
34.2,6.320313,1.235,0.393125
34.25,6.321875,1.2395,0.3965625
34.3,6.321875,1.244,0.40125
34.35,6.320313,1.248,0.405625
34.4,6.31875,1.2525,0.41
34.45,6.319531,1.257,0.414375
34.5,6.325,1.2615,0.41875
34.55,6.327344,1.266,0.4228125
34.6,6.327344,1.2705,0.426875
34.65,6.325781,1.275,0.4315625
34.7,6.328906,1.2795,0.436875
34.75,6.328125,1.284,0.44
34.8,6.325,1.2885,0.445
34.85,6.326562,1.293,0.449375
34.9,6.328125,1.2975,0.454375
34.95,6.326562,1.3025,0.458125
35,6.330469,1.307,0.4628125
35.05,6.332812,1.312,0.4671875
35.1,6.332031,1.3165,0.4721875
35.15,6.333594,1.3215,0.4771875
35.2,6.339063,1.326,0.48125
35.25,6.335156,1.331,0.4865625
35.3,6.335156,1.3355,0.4909375
35.35,6.338281,1.3405,0.4959375
35.4,6.339844,1.3455,0.4996875
35.45,6.340625,1.3505,0.5046875
35.5,6.342187,1.3555,0.5096875
35.55,6.34375,1.3605,0.515
35.6,6.34375,1.3655,0.5196875
35.65,6.346094,1.3705,0.525
35.7,6.344531,1.3755,0.5290625
35.75,6.347656,1.3805,0.5340625
35.8,6.351563,1.3855,0.53875
35.85,6.352344,1.3905,0.5434375
35.9,6.351563,1.396,0.5490625
35.95,6.353906,1.401,0.553125
36,6.35625,1.406,0.558125
36.05,6.365625,1.4115,0.5634375
36.1,6.366406,1.4165,0.56875
36.15,6.367188,1.422,0.573125
36.2,6.36875,1.427,0.5784375
36.25,6.375,1.4325,0.58375
36.3,6.375781,1.4375,0.58875
36.35,6.380469,1.443,0.5934375
36.4,6.38125,1.4485,0.599375
36.45,6.384375,1.454,0.6034375
36.5,6.385938,1.4595,0.60875
36.55,6.392188,1.4645,0.6134375
36.6,6.39375,1.47,0.6190625
36.65,6.4,1.4755,0.623125
36.7,6.404687,1.481,0.6290625
36.75,6.407031,1.4865,0.63375
36.8,6.413281,1.492,0.6384375
36.85,6.416406,1.498,0.64375
36.9,6.419531,1.5035,0.6490625
36.95,6.425781,1.509,0.6525
37,6.429688,1.5145,0.6578125
37.05,6.438281,1.52,0.6634375
37.1,6.439063,1.526,0.6684375
37.15,6.442187,1.5315,0.6721875
37.2,6.45,1.5375,0.678125
37.25,6.457031,1.543,0.68375
37.3,6.4625,1.5485,0.6878125
37.35,6.466406,1.5545,0.6928125
37.4,6.471094,1.56,0.6971875
37.45,6.478125,1.5655,0.7034375
37.5,6.48125,1.5715,0.7075
37.55,6.484375,1.577,0.7125
37.6,6.486719,1.583,0.7178125
37.65,6.497656,1.589,0.7221875
37.7,6.507813,1.5945,0.7271875
37.75,6.510938,1.6,0.7315625
37.8,6.511719,1.606,0.73625
37.85,6.513281,1.612,0.741875
37.9,6.51875,1.6175,0.746875
37.95,6.528125,1.6235,0.751875
38,6.527344,1.6295,0.75625
38.05,6.534375,1.6355,0.761875
38.1,6.536719,1.641,0.7659375
38.15,6.548438,1.647,0.770625
38.2,6.55625,1.653,0.775625
38.25,6.560156,1.659,0.7796875
38.3,6.558594,1.665,0.785
38.35,6.564063,1.671,0.789375
38.4,6.56875,1.677,0.794375
38.45,6.575,1.683,0.8
38.5,6.58125,1.689,0.8040625
38.55,6.584375,1.695,0.8090625
38.6,6.588281,1.701,0.813125
38.65,6.595313,1.707,0.8184375
38.7,6.596094,1.713,0.8234375
38.75,6.597656,1.719,0.828125
38.8,6.610938,1.7255,0.8325
38.85,6.61875,1.7315,0.8384375
38.9,6.61875,1.7375,0.841875
38.95,6.621875,1.7435,0.846875
39,6.625,1.75,0.85125
39.05,6.628906,1.7565,0.8565625
39.1,6.635156,1.7625,0.86125
39.15,6.638281,1.7685,0.8653125
39.2,6.647656,1.775,0.8703125
39.25,6.653906,1.781,0.875625
39.3,6.657031,1.7875,0.8796875
39.35,6.663281,1.794,0.8853125
39.4,6.671094,1.8,0.88875
39.45,6.672656,1.8065,0.894375
39.5,6.675781,1.813,0.8990625
39.55,6.679688,1.8195,0.90375
39.6,6.682031,1.826,0.9078125
39.65,6.688281,1.832,0.9125
39.7,6.69375,1.8385,0.9171875
39.75,6.699219,1.845,0.921875
39.8,6.704688,1.8515,0.92625
39.85,6.707812,1.858,0.9315625
39.9,6.709375,1.8645,0.9359375
39.95,6.714063,1.871,0.94
40,6.71875,1.8775,0.945
40.05,6.727344,1.884,0.94875
40.1,6.730469,1.8905,0.953125
40.15,6.738281,1.897,0.9584375
40.2,6.744531,1.9035,0.96375
40.25,6.749219,1.9105,0.9675
40.3,6.749219,1.917,0.9725
40.35,6.755469,1.9235,0.9759375
40.4,6.761719,1.9305,0.981875
40.45,6.769531,1.937,0.9865625
40.5,6.773438,1.9435,0.9909375
40.55,6.778125,1.9505,0.9959375
40.6,6.782813,1.957,0.9996875
40.65,6.785156,1.964,1.004375
40.7,6.790625,1.9705,1.008438
40.75,6.796875,1.9775,1.013125
40.8,6.8,1.984,1.017187
40.85,6.807813,1.991,1.0225
40.9,6.8125,1.9975,1.02625
40.95,6.821094,2.0045,1.030625
41,6.823438,2.011,1.035313
41.05,6.825781,2.018,1.040313
41.1,6.83125,2.025,1.04375
41.15,6.835156,2.0315,1.049062
41.2,6.839844,2.0385,1.053125
41.25,6.846094,2.0455,1.057188
41.3,6.852344,2.0525,1.0625
41.35,6.857031,2.0595,1.066563
41.4,6.861719,2.0665,1.070313
41.45,6.867969,2.0735,1.075625
41.5,6.872656,2.08,1.079687
41.55,6.872656,2.0875,1.084375
41.6,6.876563,2.094,1.08875
41.65,6.880469,2.101,1.094375
41.7,6.8875,2.1085,1.098438
41.75,6.895312,2.1155,1.102188
41.8,6.899219,2.1225,1.106875
41.85,6.90625,2.1295,1.110625
41.9,6.913281,2.137,1.11625
41.95,6.917188,2.144,1.120625
42,6.921094,2.151,1.125
42.05,6.925,2.1585,1.129063
42.1,6.927344,2.1655,1.134375
42.15,6.932813,2.173,1.139375
42.2,6.94375,2.18,1.144063
42.25,6.942187,2.1875,1.148438
42.3,6.950781,2.1945,1.15375
42.35,6.954688,2.202,1.1575
42.4,6.958594,2.209,1.161562
42.45,6.9625,2.2165,1.166875
42.5,6.970313,2.2235,1.170938
42.55,6.978125,2.231,1.175625
42.6,6.977344,2.2385,1.179688
42.65,6.984375,2.2455,1.184062
42.7,6.9875,2.253,1.189687
42.75,6.992969,2.2605,1.194062
42.8,6.997656,2.268,1.197813
42.85,7.003125,2.2755,1.2025
57.55,6.51875,2.337,
57.6,6.517188,2.337,
57.65,6.521094,2.3375,
57.7,6.532031,2.339,
57.75,6.560156,2.3415,
57.8,6.629687,2.3465,
57.85,6.733594,2.3535,
57.9,6.863281,2.362,
57.95,6.982812,2.372,
58,7.071875,2.383,
58.05,7.121875,2.395,
58.1,7.147656,2.4075,
58.15,7.154687,2.42,
58.2,7.157031,2.4325,
58.25,7.160937,2.445,
58.3,7.165625,2.4575,
58.35,7.172656,2.47,
58.4,7.179688,2.483,
58.45,7.1875,2.4955,
58.5,7.192969,2.5085,
58.55,7.200781,2.5205,
58.6,7.210938,2.5335,
58.65,7.219531,2.546,
58.7,7.225,2.5585,
58.75,7.232812,2.571,
58.8,7.24375,2.5835,
58.85,7.250781,2.596,
58.9,7.257813,2.6085,
58.95,7.267188,2.621,
59,7.271094,2.6335,
59.05,7.276563,2.646,
59.1,7.283594,2.6585,
59.15,7.290625,2.671,
59.2,7.295312,2.6835,
59.25,7.3,2.6955,
59.3,7.308594,2.7085,
59.35,7.317187,2.721,
59.4,7.328906,2.733,
59.45,7.335938,2.7455,
59.5,7.339063,2.758,
59.55,7.346875,2.7705,
59.6,7.352344,2.783,
59.65,7.358594,2.7955,
59.7,7.367969,2.808,
59.75,7.374219,2.8205,
59.8,7.382813,2.833,
59.85,7.388281,2.846,
59.9,7.392969,2.858,
59.95,7.4,2.8705,
60,7.407031,2.8835,
60.05,7.414844,2.896,
60.1,7.424219,2.9085,
60.15,7.43125,2.921,
60.2,7.438281,2.9335,
60.25,7.440625,2.946,
60.3,7.445313,2.9585,
60.35,7.450781,2.971,
60.4,7.455469,2.9835,
60.45,7.463281,2.996,
60.5,7.472656,3.0085,
60.55,7.48125,3.0205,
60.6,7.486719,3.033,
60.65,7.490625,3.046,
60.7,7.497656,3.0585,
60.75,7.502344,3.0705,
60.8,7.503125,3.0835,
60.85,7.517188,3.096,
60.9,7.525,3.1085,
60.95,7.532031,3.121,
61,7.5375,3.1335,
61.05,7.542969,3.146,
61.1,7.546875,3.1585,
61.15,7.55625,3.171,
61.2,7.563281,3.1835,
61.25,7.564844,3.196,
61.3,7.567969,3.2085,
61.35,7.574219,3.221,
61.4,7.578906,3.2335,
61.45,7.584375,3.2455,
61.5,7.596094,3.2585,
61.55,7.601563,3.271,
61.6,7.60625,3.2835,
61.65,7.611719,3.296,
61.7,7.6125,3.3085,
61.75,7.61875,3.3205,
61.8,7.625781,3.3335,
61.85,7.635938,3.346,
61.9,7.644531,3.358,
61.95,7.648438,3.3705,
62,7.651563,3.383,
62.05,7.657031,3.3955,
62.1,7.660937,3.408,
62.15,7.670312,3.421,
62.2,7.676562,3.4335,
62.25,7.68125,3.446,
62.3,7.686719,3.4585,
62.35,7.692187,3.471,
62.4,7.69375,3.4835,
62.45,7.698438,3.496,
62.5,7.702344,3.5085,
62.55,7.705469,3.521,
62.6,7.709375,3.5335,
62.65,7.716406,3.546,
62.7,7.725781,3.5585,
62.75,7.727344,3.5705,
62.8,7.738281,3.583,
62.85,7.74375,3.5955,
62.9,7.751563,3.608,
62.95,7.754687,3.6205,
63,7.757813,3.6335,
63.05,7.763281,3.646,
63.1,7.767969,3.6585,
63.15,7.775781,3.671,
63.2,7.778125,3.6835,
63.25,7.782031,3.696,
63.3,7.785937,3.7085,
63.35,7.790625,3.721,
63.4,7.796094,3.7335,
63.45,7.802344,3.746,
63.5,7.807031,3.7585,
63.55,7.811719,3.771,
63.6,7.816406,3.7835,
63.65,7.819531,3.796,
63.7,7.820313,3.808,
63.75,7.826562,3.821,
63.8,7.834375,3.8335,
63.85,7.840625,3.846,
63.9,7.842187,3.8585,
63.95,7.845313,3.871,
64,7.848437,3.8835,
64.05,7.85625,3.896,
64.1,7.863281,3.9085,
64.15,7.865625,3.921,
64.2,7.873437,3.9335,
64.25,7.875781,3.946,
64.3,7.882031,3.9585,
64.35,7.8875,3.971,
64.4,7.891406,3.9835,
64.45,7.895312,3.996,
64.5,7.9,4.0085,
64.55,7.900781,4.021,
64.6,7.909375,4.0335,
64.65,7.910156,4.046,
64.7,7.919531,4.0585,
64.75,7.920312,4.071,
64.8,7.924219,4.0835,
64.85,7.927344,4.0955,
64.9,7.935937,4.1085,
64.95,7.938281,4.1205,
65,7.940625,4.133,
65.05,7.942187,4.146,
65.1,7.946875,4.1585,
65.15,7.950781,4.171,
65.2,7.957812,4.1835,
65.25,7.961719,4.196,
65.3,7.964844,4.2085,
65.35,7.970313,4.221,
65.4,7.971875,4.2335,
65.45,7.975,4.246,
65.5,7.976563,4.2585,
65.55,7.980469,4.271,
65.6,7.984375,4.2835,
65.65,7.991406,4.296,
65.7,7.996875,4.3085,
65.75,8.002344,4.321,
65.8,8.003125,4.3335,
65.85,8.007813,4.346,
65.9,8.0125,4.3585,
65.95,8.017969,4.371,
66,8.025782,4.3835,
66.05,8.030469,4.396,
66.1,8.032812,4.4085,
66.15,8.036718,4.421,
66.2,8.0375,4.4335,
66.25,8.042969,4.446,
66.3,8.046094,4.4585,
66.35,8.045313,4.471,
66.4,8.048437,4.4835,
66.45,8.053125,4.496,
66.5,8.059375,4.508,
66.55,8.0625,4.5205,
66.6,8.071875,4.533,
66.65,8.076563,4.5455,
66.7,8.080469,4.558,
66.75,8.078906,4.5705,
66.8,8.082812,4.5835,
66.85,8.085156,4.596,
66.9,8.086719,4.6085,
66.95,8.089063,4.621,
67,8.095312,4.6335,
67.05,8.102344,4.646,
67.1,8.103125,4.6585,
67.15,8.110937,4.671,
67.2,8.115625,4.6835,
67.25,8.11875,4.696,
67.3,8.121094,4.7085,
67.35,8.122656,4.721,
67.4,8.125,4.7335,
67.45,8.128125,4.746,
67.5,8.129687,4.7585,
67.55,8.134375,4.771,
67.6,8.139844,4.7835,
67.65,8.146875,4.796,
67.7,8.144531,4.8085,
67.75,8.149219,4.821,
67.8,8.153125,4.8335,
67.85,8.155469,4.846,
67.9,8.159375,4.8585,
67.95,8.1625,4.871,
68,8.170313,4.8835,
68.05,8.176562,4.896,
68.1,8.177343,4.9085,
68.15,8.180469,4.921,
68.2,8.179688,4.9335,
68.25,8.182032,4.946,
68.3,8.184375,4.9585,
68.35,8.185938,4.971,
68.4,8.192187,4.9835,
68.45,8.2,4.996,
68.5,8.201563,5.0085,
68.55,8.201563,5.021,
68.6,8.203125,5.0335,
68.65,8.207031,5.046,
68.7,8.213282,5.0585,
68.75,8.217969,5.071,
68.8,8.222656,5.083,
68.85,8.223437,5.0955,
68.9,8.226563,5.1085,
68.95,8.227344,5.121,
69,8.232813,5.1335,
69.05,8.235156,5.146,
69.1,8.239062,5.1585,
69.15,8.242188,5.171,
69.2,8.245313,5.1835,
69.25,8.24375,5.196,
69.3,8.248438,5.2085,
69.35,8.253125,5.221,
69.4,8.258594,5.2335,
69.45,8.259375,5.246,
69.5,8.260938,5.2585,
69.55,8.261719,5.271,
69.6,8.265625,5.2835,
69.65,8.273438,5.296,
69.7,8.276563,5.3085,
69.75,8.279688,5.3205,
69.8,8.283594,5.3335,
69.85,8.284375,5.346,
69.9,8.288281,5.3585,
69.95,8.29375,5.371,
70,8.292969,5.3835,
70.05,8.29375,5.396,
70.1,8.296875,5.4085,
70.15,8.300781,5.4215,
70.2,8.304688,5.434,
70.25,8.305469,5.446,
70.3,8.307032,5.4585,
70.35,8.308594,5.471,
70.4,8.314062,5.483,
70.45,8.316406,5.4955,
70.5,8.317968,5.508,
70.55,8.319531,5.5205,
70.6,8.321875,5.533,
70.65,8.325781,5.5455,
70.7,8.332031,5.558,
70.75,8.334375,5.5705,
70.8,8.332031,5.5835,
70.85,8.332812,5.596,
70.9,8.335156,5.6085,
70.95,8.342969,5.621,
71,8.345312,5.6335,
71.05,8.347656,5.646,
71.1,8.349218,5.6585,
71.15,8.354688,5.671,
71.2,8.355469,5.6835,
71.25,8.357031,5.696,
71.3,8.358594,5.7085,
71.35,8.361719,5.721,
71.4,8.360156,5.7335,
71.45,8.3625,5.746,
71.5,8.369532,5.7585,
71.55,8.373438,5.771,
71.6,8.371875,5.7835,
71.65,8.376562,5.796,
71.7,8.378125,5.808,
71.75,8.379687,5.8205,
71.8,8.385938,5.833,
71.85,8.389844,5.846,
71.9,8.392969,5.8585,
71.95,8.39375,5.871,
72,8.398438,5.8835,
72.05,8.403906,5.896,
72.1,8.402344,5.9085,
72.15,8.404688,5.921,
72.2,8.408594,5.9335,
72.25,8.409375,5.946,
72.3,8.408594,5.9585,
72.35,8.410937,5.971,
72.4,8.413281,5.9835,
72.45,8.417969,5.996,
72.5,8.423437,6.0085,
72.55,8.426562,6.0205,
72.6,8.424219,6.033,
72.65,8.428125,6.0455,
72.7,8.434375,6.058,
72.75,8.434375,6.0705,
72.8,8.432813,6.0835,
72.85,8.435156,6.096,
72.9,8.440625,6.1085,
72.95,8.44375,6.121,
73,8.446094,6.1335,
73.05,8.45,6.146,
73.1,8.453125,6.1585,
73.15,8.453125,6.171,
73.2,8.450781,6.1835,
73.25,8.453125,6.196,
73.3,8.457031,6.2085,
73.35,8.461719,6.221,
73.4,8.463282,6.2335,
73.45,8.463282,6.246,
73.5,8.463282,6.2585,
73.55,8.471875,6.271,
73.6,8.472656,6.2835,
73.65,8.474218,6.296,
73.7,8.475781,6.3085,
73.75,8.478125,6.321,
73.8,8.478907,6.3335,
73.85,8.482031,6.346,
73.9,8.488281,6.3585,
73.95,8.492969,6.371,
74,8.492188,6.3835,
74.05,8.492188,6.396,
74.1,8.494532,6.4085,
74.15,8.49375,6.421,
74.2,8.496094,6.4335,
74.25,8.500781,6.446,
74.3,8.501562,6.459,
74.35,8.503125,6.471,
74.4,8.505468,6.4835,
74.45,8.509375,6.496,
74.5,8.514844,6.5085,
74.55,8.5125,6.521,
74.6,8.514844,6.533,
74.65,8.519531,6.546,
74.7,8.524219,6.558,
74.75,8.523438,6.5705,
74.8,8.525782,6.583,
74.85,8.529688,6.596,
74.9,8.530469,6.608,
74.95,8.534375,6.621,
75,8.534375,6.6335,
75.05,8.533594,6.646,
75.1,8.538281,6.6585,
75.15,8.542188,6.671,
75.2,8.542969,6.6835,
75.25,8.542188,6.6955,
75.3,8.544531,6.7085,
75.35,8.544531,6.721,
75.4,8.549219,6.7335,
75.45,8.553125,6.746,
75.5,8.559375,6.7585,
75.55,8.557813,6.771,
75.6,8.555469,6.7835,
75.65,8.558594,6.7965,
75.7,8.560938,6.809,
75.75,8.561719,6.8215,
75.8,8.5625,6.834,
75.85,8.565625,6.8465,
75.9,8.566406,6.8585,
75.95,8.571094,6.871,
76,8.574219,6.8835,
76.05,8.579687,6.896,
76.1,8.577344,6.9085,
76.15,8.578125,6.921,
76.2,8.58125,6.933,
76.25,8.578906,6.9455,
76.3,8.584375,6.958,
76.35,8.586719,6.9705,
76.4,8.5875,6.983,
76.45,8.5875,6.9955,
76.5,8.592969,7.0085,
76.55,8.591406,7.021,
76.6,8.596094,7.0335,
76.65,8.596094,7.046,
76.7,8.596875,7.0585,
76.75,8.599218,7.071,
76.8,8.602344,7.084,
76.85,8.605469,7.096,
76.9,8.604688,7.1085,
76.95,8.607031,7.1205,
77,8.609375,7.1335,
77.05,8.611719,7.1455,
77.1,8.614843,7.1585,
77.15,8.617188,7.171,
77.2,8.615625,7.1835,
77.25,8.617188,7.196,
77.3,8.623438,7.2085,
77.35,8.622656,7.221,
77.4,8.622656,7.2335,
77.45,8.625,7.246,
77.5,8.628125,7.2585,
77.55,8.628906,7.271,
77.6,8.632031,7.2835,
77.65,8.6375,7.296,
77.7,8.635157,7.3085,
77.75,8.632813,7.321,
77.8,8.635157,7.3335,
77.85,8.636719,7.346,
77.9,8.642187,7.358,
77.95,8.644531,7.371,
78,8.645312,7.383,
78.05,8.65,7.396,
78.1,8.650782,7.4085,
78.15,8.650782,7.421,
78.2,8.652344,7.4335,
78.25,8.650782,7.446,
78.3,8.65625,7.4585,
78.35,8.660156,7.471,
78.4,8.663281,7.4835,
78.45,8.665625,7.4955,
78.5,8.663281,7.5085,
78.55,8.6625,7.521,
78.6,8.666407,7.5335,
78.65,8.669531,7.546,
78.7,8.66875,7.5585,
78.75,8.667969,7.5705,
78.8,8.676562,7.583,
78.85,8.677343,7.596,
78.9,8.678906,7.6085,
78.95,8.675781,7.621,
79,8.679688,7.633,
79.05,8.679688,7.6455,
79.1,8.680469,7.658,
79.15,8.679688,7.671,
79.2,8.682032,7.6835,
79.25,8.686719,7.696,
79.3,8.6875,7.7085,
79.35,8.691406,7.721,
79.4,8.692968,7.7335,
79.45,8.695313,7.746,
79.5,8.69375,7.7585,
79.55,8.696875,7.771,
79.6,8.694531,7.7835,
79.65,8.695313,7.796,
79.7,8.700781,7.808,
79.75,8.698438,7.8205,
79.8,8.699219,7.833,
79.85,8.705469,7.8455,
79.9,8.709375,7.858,
79.95,8.709375,7.8705,
80,8.710938,7.8835,
80.05,8.713282,7.8955,
80.1,8.711719,7.908,
80.15,8.711719,7.9205,
80.2,8.714844,7.933,
80.25,8.714844,7.9455,
80.3,8.717188,7.958,
80.35,8.720312,7.971,
80.4,8.725781,7.983,
80.45,8.726563,7.996,
80.5,8.726563,8.008,
80.55,8.726563,8.021,
80.6,8.727344,8.0335,
80.65,8.728907,8.046,
80.7,8.732031,8.0585,
80.75,8.732813,8.071,
80.8,8.734375,8.0835,
80.85,8.732813,8.096,
80.9,8.736719,8.1085,
80.95,8.735937,8.121,
81,8.739843,8.134,
81.05,8.746875,8.1465,
81.1,8.739843,8.159,
81.15,8.735937,8.1715,
81.2,8.739843,8.184,
81.25,8.744532,8.1965,
81.3,8.745313,8.209,
81.35,8.746875,8.2215,
81.4,8.749219,8.234,
81.45,8.750781,8.2465,
81.5,8.75,8.259,
81.55,8.757031,8.2715,
81.6,8.760157,8.284,
81.65,8.760157,8.296,
81.7,8.758594,8.3085,
81.75,8.758594,8.321,
81.8,8.755468,8.334,
81.85,8.760157,8.346,
81.9,8.759375,8.3585,
81.95,8.764844,8.371,
82,8.765625,8.3835,
82.05,8.764063,8.3955,
82.1,8.765625,8.408,
82.15,8.769531,8.4205,
82.2,8.772656,8.4325,
82.25,8.775,8.4455,
82.3,8.774219,8.458,
82.35,8.774219,8.4705,
82.4,8.779688,8.483,
82.45,8.778906,8.4955,
82.5,8.775,8.508,
82.55,8.782031,8.521,
82.6,8.784375,8.5335,
82.65,8.78125,8.5465,
82.7,8.780469,8.559,
82.75,8.782812,8.5715,
82.8,8.785937,8.584,
82.85,8.784375,8.5965,
82.9,8.7875,8.609,
82.95,8.792969,8.621,
83,8.792969,8.6335,
83.05,8.794531,8.646,
83.1,8.792969,8.6585,
83.15,8.796875,8.6705,
83.2,8.8,8.683,
83.25,8.801562,8.6955,
83.3,8.805469,8.708,
83.35,8.804688,8.7205,
83.4,8.808594,8.733,
83.45,8.804688,8.7455,
83.5,8.802343,8.758,
83.55,8.803125,8.7705,
83.6,8.805469,8.783,
83.65,8.808594,8.7955,
83.7,8.808594,8.808,
83.75,8.810938,8.8205,
83.8,8.813281,8.833,
83.85,8.814844,8.8455,
83.9,8.816406,8.8585,
83.95,8.817187,8.871,
84,8.817187,8.8835,
84.05,8.817187,8.896,
84.1,8.820313,8.9085,
84.15,8.820313,8.9215,
84.2,8.825,8.934,
84.25,8.826563,8.9465,
84.3,8.825781,8.9595,
84.35,8.827344,8.972,
84.4,8.825781,8.984,
84.45,8.823438,8.9965,
84.5,8.825781,9.009,
84.55,8.827344,9.021,
84.6,8.832031,9.0335,
84.65,8.834375,9.0455,
84.7,8.832031,9.0585,
84.75,8.833593,9.0705,
84.8,8.839063,9.083,
84.85,8.836719,9.0955,
84.9,8.835938,9.108,
84.95,8.835938,9.1205,
85,8.839063,9.133,
85.05,8.842969,9.1455,
85.1,8.839844,9.158,
85.15,8.84375,9.1705,
85.2,8.848437,9.1835,
85.25,8.850781,9.196,
85.3,8.850781,9.209,
85.35,8.851563,9.2215,
85.4,8.848437,9.234,
85.45,8.847656,9.2465,
85.5,8.850781,9.259,
85.55,8.851563,9.2715,
85.6,8.850781,9.2845,
85.65,8.851563,9.297,
85.7,8.85625,9.3095,
85.75,8.859375,9.322,
85.8,8.857813,9.3345,
85.85,8.860937,9.347,
85.9,8.860156,9.359,
85.95,8.860937,9.3715,
86,8.859375,9.3835,
86.05,8.860937,9.396,
86.1,8.867188,9.4085,
86.15,8.867188,9.421,
86.2,8.865625,9.4335,
86.25,8.867188,9.446,
86.3,8.872656,9.4585,
86.35,8.872656,9.471,
86.4,8.872656,9.4835,
86.45,8.871094,9.496,
86.5,8.871875,9.5085,
86.55,8.873438,9.521,
86.6,8.872656,9.5335,
86.65,8.875,9.546,
86.7,8.875781,9.5585,
86.75,8.877344,9.571,
86.8,8.879687,9.5835,
86.85,8.882031,9.596,
86.9,8.878125,9.6085,
86.95,8.880468,9.6215,
87,8.878906,9.6335,
87.05,8.880468,9.646,
87.1,8.88125,9.6585,
87.15,8.884375,9.671,
87.2,8.885938,9.6835,
87.25,8.882813,9.6955,
87.3,8.882813,9.7085,
87.35,8.885157,9.7205,
87.4,8.885938,9.733,
87.45,8.889063,9.7455,
87.5,8.892187,9.758,
87.55,8.89375,9.7705,
87.6,8.89375,9.783,
87.65,8.891406,9.796,
87.7,8.888281,9.8085,
87.75,8.889844,9.821,
87.8,8.89375,9.8335,
87.85,8.896875,9.8465,
87.9,8.896093,9.859,
87.95,8.896875,9.8715,
88,8.899219,9.884,
88.05,8.9,9.8965,
88.1,8.9,9.909,
88.15,8.900782,9.9215,
88.2,8.9,9.9335,
88.25,8.901563,9.946,
88.3,8.903125,9.958,
88.35,8.904688,9.9705,
88.4,8.907812,9.983,
88.45,8.904688,9.996,
88.5,8.904688,10.0085,
88.55,8.90625,10.021,
88.6,8.908594,10.0335,
88.65,8.907812,10.046,
88.7,8.909375,10.0585,
88.75,8.910156,10.0715,
88.8,8.9125,10.084,
88.85,8.917969,10.0965,
88.9,8.916407,10.109,
88.95,8.917188,10.1215,
89,8.914844,10.1335,
89.05,8.915625,10.146,
89.1,8.914844,10.1585,
89.15,8.916407,10.1705,
89.2,8.917188,10.183,
89.25,8.917188,10.196,
89.3,8.919531,10.208,
89.35,8.922656,10.221,
89.4,8.924219,10.2335,
89.45,8.921875,10.246,
89.5,8.921875,10.2585,
89.55,8.919531,10.2705,
89.6,8.922656,10.283,
89.65,8.925,10.2955,
89.7,8.924219,10.308,
89.75,8.924219,10.3205,
89.8,8.925,10.333,
89.85,8.927343,10.3455,
89.9,8.927343,10.358,
89.95,8.927343,10.3705,
90,8.929688,10.383,
90.05,8.930469,10.3955,
90.1,8.932813,10.408,
90.15,8.932032,10.421,
90.2,8.933594,10.4335,
90.25,8.936719,10.446,
90.3,8.935938,10.4585,
90.35,8.932032,10.471,
90.4,8.930469,10.483,
90.45,8.93125,10.4955,
90.5,8.932813,10.508,
90.55,8.935156,10.5205,
90.6,8.934375,10.5335,
90.65,8.938281,10.546,
90.7,8.942968,10.559,
90.75,8.94375,10.5715,
90.8,8.942968,10.584,
90.85,8.942968,10.597,
90.9,8.944531,10.6095,
90.95,8.940625,10.622,
91,8.936719,10.6345,
91.05,8.9375,10.6465,
91.1,8.939062,10.659,
91.15,8.942187,10.6715,
91.2,8.942968,10.684,
91.25,8.949219,10.696,
91.3,8.95,10.7085,
91.35,8.946875,10.721,
91.4,8.947657,10.7335,
91.45,8.950781,10.746,
91.5,8.949219,10.7585,
91.55,8.948438,10.771,
91.6,8.95,10.7835,
91.65,8.948438,10.796,
91.7,8.951563,10.8085,
91.75,8.948438,10.821,
91.8,8.953906,10.8335,
91.85,8.955469,10.846,
91.9,8.957031,10.8585,
91.95,8.957812,10.871,
92,8.958593,10.8835,
92.05,8.959375,10.896,
92.1,8.955469,10.909,
92.15,8.957031,10.921,
92.2,8.95625,10.9335,
92.25,8.957031,10.946,
92.3,8.957812,10.9585,
92.35,8.960938,10.9705,
92.4,8.964844,10.983,
92.45,8.964844,10.9955,
92.5,8.964844,11.008,
92.55,8.959375,11.021,
92.6,8.960156,11.0335,
92.65,8.9625,11.046,
92.7,8.964063,11.059,
92.75,8.963282,11.0715,
92.8,8.9625,11.084,
92.85,8.965625,11.0965,
92.9,8.971094,11.109,
92.95,8.96875,11.1215,
93,8.966406,11.134,
93.05,8.966406,11.1465,
93.1,8.967969,11.1585,
93.15,8.966406,11.171,
93.2,8.9625,11.1835,
93.25,8.965625,11.196,
93.3,8.970312,11.2085,
93.35,8.971875,11.221,
93.4,8.967188,11.2335,
93.45,8.967188,11.2455,
93.5,8.969531,11.2585,
93.55,8.972656,11.271,
93.6,8.974218,11.2835,
93.65,8.972656,11.296,
93.7,8.971094,11.3085,
93.75,8.969531,11.321,
93.8,8.972656,11.3335,
93.85,8.977344,11.3455,
93.9,8.975781,11.3585,
93.95,8.975781,11.3705,
94,8.978125,11.383,
94.05,8.978907,11.396,
94.1,8.978907,11.4085,
94.15,8.98125,11.421,
94.2,8.978125,11.4335,
94.25,8.978125,11.446,
94.3,8.976563,11.4585,
94.35,8.98125,11.471,
94.4,8.982813,11.4835,
94.45,8.982813,11.4955,
94.5,8.98125,11.508,
94.55,8.983594,11.5205,
94.6,8.982813,11.533,
94.65,8.984375,11.5455,
94.7,8.983594,11.558,
94.75,8.980469,11.5705,
94.8,8.982813,11.583,
94.85,8.985156,11.5955,
94.9,8.985937,11.6085,
94.95,8.985937,11.6205,
95,8.984375,11.6335,
95.05,8.982813,11.646,
95.1,8.9875,11.6585,
95.15,8.989062,11.671,
95.2,8.990625,11.6835,
95.25,8.989843,11.696,
95.3,8.992969,11.7085,
95.35,8.992188,11.721,
95.4,8.99375,11.734,
95.45,8.992969,11.7465,
95.5,8.9875,11.759,
95.55,8.991406,11.7715,
95.6,8.989062,11.784,
95.65,8.99375,11.796,
95.7,8.994532,11.8085,
95.75,8.994532,11.821,
95.8,8.99375,11.8335,
95.85,8.996094,11.846,
95.9,8.996094,11.8585,
95.95,8.99375,11.871,
96,8.992969,11.883,
96.05,8.999219,11.8955,
96.1,8.999219,11.9085,
96.15,8.999219,11.9205,
96.2,8.995313,11.9335,
96.25,8.996094,11.9455,
96.3,8.994532,11.958,
96.35,8.996094,11.9705,
96.4,9,11.983,
96.45,9.002344,11.9955,
96.5,8.999219,12.008,
96.55,8.999219,12.021,
96.6,8.997656,12.0335,
96.65,8.999219,12.046,
96.7,9.003906,12.0585,
96.75,9.004687,12.071,
96.8,9.001562,12.084,
96.85,9.003125,12.096,
96.9,9.00625,12.109,
96.95,9.00625,12.1215,
97,9.005468,12.134,
97.05,9.007031,12.1465,
97.1,9.003906,12.1585,
97.15,9.003125,12.1715,
97.2,9.002344,12.1835,
97.25,9.003125,12.196,
97.3,9.005468,12.2085,
97.35,9.009375,12.221,
97.4,9.008594,12.2335,
97.45,9.00625,12.246,
97.5,9.00625,12.2585,
97.55,9.00625,12.271,
97.6,9.009375,12.2835,
97.65,9.009375,12.296,
97.7,9.009375,12.308,
97.75,9.011719,12.321,
97.8,9.007031,12.333,
97.85,9.007813,12.346,
97.9,9.00625,12.3585,
97.95,9.008594,12.3705,
98,9.010938,12.3835,
98.05,9.010157,12.3955,
98.1,9.017187,12.4085,
98.15,9.014063,12.421,
98.2,9.0125,12.4335,
98.25,9.014844,12.446,
98.3,9.010938,12.4585,
98.35,9.011719,12.471,
98.4,9.0125,12.4835,
98.45,9.010938,12.496,
98.5,9.013281,12.5085,
98.55,9.010938,12.521,
98.6,9.016406,12.5335,
98.65,9.0125,12.546,
98.7,9.014844,12.559,
98.75,9.016406,12.5715,
98.8,9.017969,12.584,
98.85,9.014844,12.5965,
98.9,9.017969,12.6085,
98.95,9.01875,12.621,
99,9.017187,12.6335,
99.05,9.016406,12.6455,
99.1,9.019531,12.6585,
99.15,9.017187,12.6705,
99.2,9.017969,12.6835,
99.25,9.016406,12.6955,
99.3,9.015625,12.7085,
99.35,9.016406,12.721,
99.4,9.020312,12.7335,
99.45,9.022656,12.746,
99.5,9.025,12.7585,
99.55,9.025,12.771,
99.6,9.024219,12.7835,
99.65,9.021875,12.796,
99.7,9.01875,12.8085,
99.75,9.01875,12.821,
99.8,9.021875,12.8335,
99.85,9.021875,12.846,
99.9,9.022656,12.8585,
99.95,9.022656,12.8705,
100,9.022656,12.883,
100.05,9.021875,12.8955,
100.1,9.027344,12.9085,
100.15,9.026563,12.921,
100.2,9.027344,12.9335,
100.25,9.024219,12.946,
100.3,9.025782,12.9585,
100.35,9.025,12.971,
100.4,9.024219,12.984,
100.45,9.023438,12.9965,
100.5,9.025782,13.009,
100.55,9.025782,13.0215,
100.6,9.028125,13.034,
100.65,9.026563,13.0465,
100.7,9.026563,13.059,
100.75,9.030469,13.0715,
100.8,9.030469,13.084,
100.85,9.028125,13.096,
100.9,9.026563,13.1085,
100.95,9.028906,13.121,
101,9.028125,13.1335,
101.05,9.028125,13.146,
101.1,9.029688,13.1585,
101.15,9.033594,13.171,
101.2,9.033594,13.1835,
101.25,9.03125,13.1965,
101.3,9.03125,13.2085,
101.35,9.03125,13.2215,
101.4,9.032031,13.2335,
101.45,9.03125,13.246,
101.5,9.033594,13.2585,
101.55,9.032031,13.271,
101.6,9.03125,13.284,
101.65,9.032031,13.296,
101.7,9.032812,13.309,
101.75,9.035156,13.321,
101.8,9.032812,13.3335,
101.85,9.029688,13.346,
101.9,9.032031,13.3585,
101.95,9.032812,13.371,
102,9.032812,13.383,
102.05,9.032812,13.396,
102.1,9.033594,13.4085,
102.15,9.034375,13.421,
102.2,9.039844,13.4335,
102.25,9.035156,13.446,
102.3,9.034375,13.4585,
102.35,9.035937,13.471,
102.4,9.033594,13.4835,
102.45,9.034375,13.496,
102.5,9.03125,13.5085,
102.55,9.032031,13.521,
102.6,9.033594,13.5335,
102.65,9.035937,13.546,
102.7,9.036718,13.5585,
102.75,9.034375,13.571,
102.8,9.028906,13.5835,
102.85,9.028125,13.596,
102.9,9.029688,13.6085,
102.95,9.035937,13.621,
103,9.035937,13.6335,
103.05,9.038281,13.646,
103.1,9.032031,13.6585,
103.15,9.033594,13.671,
103.2,9.035156,13.6835,
103.25,9.033594,13.696,
103.3,9.0375,13.7085,
103.35,9.035937,13.721,
103.4,9.033594,13.7335,
103.45,9.033594,13.746,
103.5,9.038281,13.759,
103.55,9.042969,13.771,
103.6,9.042188,13.784,
103.65,9.0375,13.796,
103.7,9.033594,13.8085,
103.75,9.0375,13.821,
103.8,9.035156,13.8335,
103.85,9.035937,13.846,
103.9,9.035937,13.8585,
103.95,9.032812,13.871,
104,9.035937,13.8835,
104.05,9.036718,13.896,
104.1,9.0375,13.9085,
104.15,9.0375,13.921,
104.2,9.0375,13.9335,
104.25,9.036718,13.9455,
104.3,9.035156,13.9585,
104.35,9.035156,13.9705,
104.4,9.035156,13.9835,
104.45,9.039844,13.996,
104.5,9.038281,14.0085,
104.55,9.0375,14.021,
104.6,9.032812,14.034,
104.65,9.035937,14.0465,
104.7,9.035937,14.059,
104.75,9.038281,14.0715,
104.8,9.039844,14.084,
104.85,9.039063,14.096,
104.9,9.040625,14.1085,
104.95,9.038281,14.121,
105,9.035156,14.1335,
105.05,9.034375,14.146,
105.1,9.035156,14.1585,
105.15,9.038281,14.171,
105.2,9.038281,14.1835,
105.25,9.0375,14.196,
105.3,9.035156,14.2085,
105.35,9.036718,14.221,
105.4,9.035937,14.2335,
105.45,9.038281,14.246,
105.5,9.0375,14.2585,
105.55,9.039844,14.271,
105.6,9.035937,14.2835,
105.65,9.033594,14.296,
105.7,9.03125,14.309,
105.75,9.034375,14.3215,
105.8,9.033594,14.334,
105.85,9.034375,14.3465,
105.9,9.032812,14.3585,
105.95,9.0375,14.371,
106,9.0375,14.3835,
106.05,9.035156,14.396,
106.1,9.032812,14.4085,
106.15,9.038281,14.421,
106.2,9.036718,14.4335,
106.25,9.036718,14.446,
106.3,9.034375,14.459,
106.35,9.035156,14.4715,
106.4,9.038281,14.484,
106.45,9.038281,14.496,
106.5,9.039063,14.5085,
106.55,9.035156,14.521,
106.6,9.036718,14.5335,
106.65,9.039844,14.546,
106.7,9.039844,14.5585,
106.75,9.035937,14.571,
106.8,9.032812,14.5835,
106.85,9.033594,14.596,
106.9,9.036718,14.6085,
106.95,9.034375,14.621,
107,9.035937,14.633,
107.05,9.033594,14.6455,
107.1,9.033594,14.658,
107.15,9.032031,14.6705,
107.2,9.039063,14.683,
107.25,9.036718,14.6955,
107.3,9.034375,14.7085,
107.35,9.032812,14.721,
107.4,9.036718,14.7335,
107.45,9.0375,14.746,
107.5,9.035156,14.7585,
107.55,9.035156,14.771,
107.6,9.032812,14.7835,
107.65,9.034375,14.796,
107.7,9.034375,14.8085,
107.75,9.036718,14.821,
107.8,9.035937,14.8335,
107.85,9.034375,14.846,
107.9,9.035937,14.8585,
107.95,9.03125,14.871,
108,9.034375,14.884,
108.05,9.035937,14.8965,
108.1,9.035937,14.909,
108.15,9.039844,14.9215,
108.2,9.036718,14.934,
108.25,9.036718,14.9465,
108.3,9.033594,14.959,
108.35,9.032812,14.9715,
108.4,9.035937,14.9835,
108.45,9.035156,14.996,
108.5,9.032031,15.0085,
108.55,9.030469,15.021,
108.6,9.03125,15.0335,
108.65,9.029688,15.0455,
108.7,9.030469,15.058,
108.75,9.035156,15.0705,
108.8,9.0375,15.083,
108.85,9.033594,15.0955,
108.9,9.03125,15.1085,
108.95,9.028125,15.121,
109,9.028125,15.1335,
109.05,9.028125,15.146,
109.1,9.032812,15.1585,
109.15,9.034375,15.171,
109.2,9.034375,15.1835,
109.25,9.034375,15.196,
109.3,9.035937,15.2085,
109.35,9.032812,15.221,
109.4,9.035937,15.2335,
109.45,9.035156,15.246,
109.5,9.032031,15.2585,
109.55,9.030469,15.271,
109.6,9.03125,15.2835,
109.65,9.03125,15.296,
109.7,9.032031,15.3085,
109.75,9.034375,15.3215,
109.8,9.032031,15.334,
109.85,9.03125,15.347,
109.9,9.032812,15.359,
109.95,9.032031,15.372,
110,9.026563,15.384,
110.05,9.029688,15.3965,
110.1,9.032812,15.409,
110.15,9.032031,15.4215,
110.2,9.034375,15.4335,
110.25,9.032031,15.446,
110.3,9.028906,15.4585,
110.35,9.032812,15.471,
110.4,9.032812,15.4835,
110.45,9.033594,15.496,
110.5,9.033594,15.5085,
110.55,9.027344,15.521,
110.6,9.03125,15.5335,
110.65,9.029688,15.546,
110.7,9.028906,15.5585,
110.75,9.028906,15.571,
110.8,9.026563,15.5835,
110.85,9.028906,15.596,
110.9,9.03125,15.6085,
110.95,9.032812,15.621,
111,9.03125,15.6335,
111.05,9.028125,15.646,
111.1,9.030469,15.6585,
111.15,9.028125,15.671,
111.2,9.026563,15.6835,
111.25,9.030469,15.696,
111.3,9.032031,15.7085,
111.35,9.030469,15.721,
111.4,9.028125,15.7335,
111.45,9.027344,15.746,
111.5,9.025782,15.7585,
111.55,9.023438,15.771,
111.6,9.023438,15.784,
111.65,9.019531,15.7965,
111.7,9.024219,15.809,
111.75,9.026563,15.821,
111.8,9.021875,15.834,
111.85,9.028906,15.846,
111.9,9.03125,15.8585,
111.95,9.028906,15.871,
112,9.024219,15.8835,
112.05,9.021875,15.896,
112.1,9.025,15.9085,
112.15,9.025,15.921,
112.2,9.027344,15.9335,
112.25,9.025782,15.946,
112.3,9.025,15.9585,
112.35,9.024219,15.971,
112.4,9.023438,15.9835,
112.45,9.025782,15.9965,
112.5,9.025,16.009,
112.55,9.025782,16.0215,
112.6,9.024219,16.034,
112.65,9.022656,16.0465,
112.7,9.020312,16.059,
112.75,9.021093,16.071,
112.8,9.021875,16.0835,
112.85,9.021875,16.096,
112.9,9.019531,16.1085,
112.95,9.021093,16.121,
113,9.019531,16.1335,
113.05,9.017187,16.146,
113.1,9.017969,16.1585,
113.15,9.017969,16.1715,
113.2,9.020312,16.184,
113.25,9.021093,16.196,
113.3,9.022656,16.2085,
113.35,9.021093,16.221,
113.4,9.01875,16.2335,
113.45,9.017187,16.246,
113.5,9.015625,16.2585,
113.55,9.015625,16.271,
113.6,9.019531,16.284,
113.65,9.017969,16.2965,
113.7,9.014844,16.309,
113.75,9.01875,16.321,
113.8,9.017969,16.3335,
113.85,9.016406,16.346,
113.9,9.016406,16.3585,
113.95,9.017187,16.371,
114,9.015625,16.3835,
114.05,9.0125,16.396,
114.1,9.009375,16.4085,
114.15,9.009375,16.421,
114.2,9.010938,16.433,
114.25,9.011719,16.4455,
114.3,9.014063,16.4585,
114.35,9.014063,16.471,
114.4,9.015625,16.4835,
114.45,9.0125,16.496,
114.5,9.010157,16.5085,
114.55,9.011719,16.5215,
114.6,9.007813,16.534,
114.65,9.013281,16.5465,
114.7,9.0125,16.559,
114.75,9.011719,16.5715,
114.8,9.0125,16.584,
114.85,9.010938,16.5965,
114.9,9.008594,16.609,
114.95,9.007031,16.6215,
115,9.00625,16.634,
115.05,9.003906,16.646,
115.1,9.007813,16.6585,
115.15,9.005468,16.671,
115.2,9.003125,16.683,
115.25,9,16.6955,
115.3,9.005468,16.7085,
115.35,9.004687,16.721,
115.4,9.007813,16.7335,
115.45,9.00625,16.7465,
115.5,9.007031,16.759,
115.55,9.005468,16.772,
115.6,9.005468,16.784,
115.65,9.005468,16.797,
115.7,9.005468,16.809,
115.75,9.000781,16.8215,
115.8,9.003906,16.834,
115.85,9.001562,16.8465,
115.9,9.002344,16.8585,
115.95,9.003906,16.871,
116,9.002344,16.8835,
116.05,9.001562,16.896,
116.1,8.998438,16.9085,
116.15,9,16.921,
116.2,8.997656,16.9335,
116.25,8.996094,16.946,
116.3,8.999219,16.9585,
116.35,9.001562,16.971,
116.4,9.001562,16.9835,
116.45,9.001562,16.996,
116.5,9,17.008,
116.55,8.996875,17.0205,
116.6,8.99375,17.033,
116.65,8.992969,17.0455,
116.7,8.996875,17.058,
116.75,8.992969,17.071,
116.8,8.994532,17.084,
116.85,8.996094,17.0965,
116.9,8.995313,17.1095,
116.95,8.995313,17.122,
117,8.994532,17.134,
117.05,8.99375,17.1465,
117.1,8.991406,17.159,
117.15,8.992969,17.1715,
117.2,8.99375,17.184,
117.25,8.989843,17.1965,
117.3,8.989062,17.209,
117.35,8.991406,17.2215,
117.4,8.986719,17.2335,
117.45,8.985937,17.246,
117.5,8.986719,17.2585,
117.55,8.9875,17.271,
117.6,8.9875,17.2835,
117.65,8.990625,17.2955,
117.7,8.9875,17.308,
117.75,8.980469,17.3205,
117.8,8.982813,17.333,
117.85,8.983594,17.3455,
117.9,8.983594,17.3585,
117.95,8.982031,17.371,
118,8.982813,17.3835,
118.05,8.982813,17.3965,
118.1,8.980469,17.409,
118.15,8.975781,17.4215,
118.2,8.977344,17.434,
118.25,8.977344,17.4465,
118.3,8.977344,17.459,
118.35,8.979688,17.4715,
118.4,8.977344,17.484,
118.45,8.975,17.4965,
118.5,8.974218,17.509,
118.55,8.975,17.521,
118.6,8.973437,17.534,
118.65,8.971875,17.546,
118.7,8.971875,17.5585,
118.75,8.973437,17.571,
118.8,8.972656,17.5835,
118.85,8.973437,17.596,
118.9,8.972656,17.6085,
118.95,8.971094,17.621,
119,8.96875,17.6335,
119.05,8.969531,17.646,
119.1,8.965625,17.6585,
119.15,8.966406,17.671,
119.2,8.964063,17.684,
119.25,8.966406,17.6965,
119.3,8.967969,17.709,
119.35,8.967188,17.7215,
119.4,8.966406,17.734,
119.45,8.963282,17.7465,
119.5,8.963282,17.759,
119.55,8.960938,17.7715,
119.6,8.9625,17.784,
119.65,8.9625,17.7965,
119.7,8.963282,17.809,
119.75,8.960938,17.821,
119.8,8.957031,17.8335,
119.85,8.957812,17.846,
119.9,8.957031,17.8585,
119.95,8.960156,17.871,
120,8.958593,17.8835,
120.05,8.959375,17.8965,
120.1,8.957031,17.909,
120.15,8.955469,17.9215,
120.2,8.953906,17.9345,
120.25,8.951563,17.947,
120.3,8.950781,17.9595,
120.35,8.952344,17.972,
120.4,8.952344,17.9845,
120.45,8.949219,17.997,
120.5,8.950781,18.009,
120.55,8.948438,18.0215,
120.6,8.950781,18.0345,
120.65,8.946875,18.0465,
120.7,8.944531,18.059,
120.75,8.945313,18.0715,
120.8,8.946094,18.084,
120.85,8.94375,18.096,
120.9,8.939844,18.1085,
120.95,8.940625,18.121,
121,8.939844,18.1335,
121.05,8.941406,18.146,
121.1,8.942187,18.1585,
121.15,8.94375,18.171,
121.2,8.941406,18.184,
121.25,8.939062,18.1965,
121.3,8.935156,18.2085,
121.35,8.936719,18.2215,
121.4,8.941406,18.234,
121.45,8.938281,18.2465,
121.5,8.934375,18.2585,
121.55,8.935156,18.271,
121.6,8.936719,18.284,
121.65,8.934375,18.296,
121.7,8.929688,18.3085,
121.75,8.93125,18.321,
121.8,8.93125,18.3335,
121.85,8.930469,18.3465,
121.9,8.930469,18.359,
121.95,8.930469,18.372,
122,8.930469,18.3845,
122.05,8.928906,18.397,
122.1,8.93125,18.4095,
122.15,8.927343,18.422,
122.2,8.924219,18.4345,
122.25,8.924219,18.447,
122.3,8.925,18.4595,
122.35,8.921875,18.4715,
122.4,8.921875,18.484,
122.45,8.920313,18.4965,
122.5,8.922656,18.509,
122.55,8.921094,18.5215,
122.6,8.916407,18.5335,
122.65,8.914844,18.546,
122.7,8.914844,18.5585,
122.75,8.917188,18.571,
122.8,8.919531,18.5835,
122.85,8.914844,18.596,
122.9,8.909375,18.6085,
122.95,8.910937,18.6215,
123,8.9125,18.634,
123.05,8.911718,18.646,
123.1,8.9125,18.6585,
123.15,8.909375,18.671,
123.2,8.909375,18.684,
123.25,8.908594,18.696,
123.3,8.910156,18.7085,
123.35,8.909375,18.721,
123.4,8.90625,18.7335,
123.45,8.904688,18.746,
123.5,8.902344,18.7585,
123.55,8.9,18.771,
123.6,8.902344,18.7835,
123.65,8.903906,18.796,
123.7,8.9,18.8085,
123.75,8.897656,18.821,
123.8,8.899219,18.8335,
123.85,8.9,18.846,
123.9,8.898438,18.8585,
123.95,8.896093,18.871,
124,8.900782,18.8835,
124.05,8.89375,18.8965,
124.1,8.889844,18.909,
124.15,8.8875,18.9215,
124.2,8.889063,18.934,
124.25,8.888281,18.9465,
124.3,8.888281,18.959,
124.35,8.885157,18.972,
124.4,8.884375,18.984,
124.45,8.882031,18.997,
124.5,8.882031,19.0095,
124.55,8.884375,19.022,
124.6,8.882813,19.0345,
124.65,8.882813,19.047,
124.7,8.883594,19.0595,
124.75,8.882031,19.072,
124.8,8.878125,19.0845,
124.85,8.876562,19.0965,
124.9,8.877344,19.109,
124.95,8.875,19.1215,
125,8.877344,19.134,
125.05,8.875781,19.1465,
125.1,8.872656,19.159,
125.15,8.871094,19.1715,
125.2,8.869532,19.184,
125.25,8.86875,19.1965,
125.3,8.870313,19.209,
125.35,8.869532,19.2215,
125.4,8.867188,19.234,
125.45,8.864062,19.2465,
125.5,8.864843,19.259,
125.55,8.864062,19.2715,
125.6,8.8625,19.284,
125.65,8.857813,19.2965,
125.7,8.855469,19.309,
125.75,8.857031,19.3215,
125.8,8.852344,19.334,
125.85,8.857031,19.3465,
125.9,8.854688,19.359,
125.95,8.851563,19.372,
126,8.847656,19.384,
126.05,8.849218,19.3965,
126.1,8.848437,19.409,
126.15,8.842969,19.4215,
126.2,8.842188,19.434,
126.25,8.840625,19.4465,
126.3,8.845312,19.459,
126.35,8.846875,19.4715,
126.4,8.844531,19.484,
126.45,8.840625,19.4965,
126.5,8.836719,19.5095,
126.55,8.832812,19.5215,
126.6,8.834375,19.534,
126.65,8.832031,19.5465,
126.7,8.834375,19.559,
126.75,8.835938,19.5715,
126.8,8.834375,19.584,
126.85,8.827344,19.5965,
126.9,8.828125,19.609,
126.95,8.821875,19.622,
127,8.823438,19.6345,
127.05,8.825,19.647,
127.1,8.823438,19.6595,
127.15,8.820313,19.672,
127.2,8.820313,19.6845,
127.25,8.814062,19.697,
127.3,8.809375,19.7095,
127.35,8.809375,19.722,
127.4,8.808594,19.734,
127.45,8.808594,19.7465,
127.5,8.807032,19.759,
127.55,8.808594,19.7715,
127.6,8.804688,19.784,
127.65,8.803906,19.7965,
127.7,8.803125,19.809,
127.75,8.803125,19.8215,
127.8,8.800781,19.8345,
127.85,8.8,19.8465,
127.9,8.799219,19.859,
127.95,8.798437,19.8715,
128,8.794531,19.884,
128.05,8.796094,19.896,
128.1,8.796875,19.9085,
128.15,8.795313,19.9215,
128.2,8.789844,19.934,
128.25,8.7875,19.9465,
128.3,8.782031,19.9595,
128.35,8.776563,19.972,
128.4,8.775,19.9845,
128.45,8.775782,19.997,
128.5,8.776563,20.0095,
128.55,8.775782,20.022,
128.6,8.775782,20.0345,
128.65,8.773438,20.047,
128.7,8.772656,20.0595,
128.75,8.771093,20.0715,
128.8,8.767187,20.084,
128.85,8.765625,20.0965,
128.9,8.764844,20.109,
128.95,8.758594,20.1215,
129,8.75625,20.134,
129.05,8.758594,20.1465,
129.1,8.759375,20.159,
129.15,8.757813,20.1715,
129.2,8.754687,20.184,
129.25,8.753125,20.1965,
129.3,8.752344,20.209,
129.35,8.748438,20.2215,
129.4,8.746875,20.234,
129.45,8.745313,20.2465,
129.5,8.744532,20.259,
129.55,8.745313,20.2715,
129.6,8.746094,20.284,
129.65,8.739843,20.2965,
129.7,8.738281,20.309,
129.75,8.733594,20.3215,
129.8,8.728907,20.3345,
129.85,8.725,20.347,
129.9,8.725,20.3595,
129.95,8.728907,20.372,
130,8.729688,20.3845,
130.05,8.725781,20.397,
130.1,8.723437,20.4095,
130.15,8.717969,20.422,
130.2,8.714844,20.4345,
130.25,8.715625,20.447,
130.3,8.714063,20.4595,
130.35,8.708593,20.472,
130.4,8.707812,20.484,
130.45,8.705469,20.4965,
130.5,8.70625,20.5095,
130.55,8.709375,20.5215,
130.6,8.703906,20.534,
130.65,8.701563,20.5465,
130.7,8.696875,20.5595,
130.75,8.696094,20.572,
130.8,8.695313,20.584,
130.85,8.690625,20.597,
130.9,8.688281,20.609,
130.95,8.686719,20.6215,
131,8.684375,20.634,
131.05,8.683594,20.646,
131.1,8.678125,20.6585,
131.15,8.674219,20.6715,
131.2,8.671094,20.684,
131.25,8.671094,20.6965,
131.3,8.66875,20.709,
131.35,8.663281,20.7215,
131.4,8.6625,20.734,
131.45,8.664063,20.7465,
131.5,8.661718,20.759,
131.55,8.657812,20.7715,
131.6,8.654688,20.784,
131.65,8.655469,20.7965,
131.7,8.652344,20.809,
131.75,8.646875,20.8215,
131.8,8.645312,20.834,
131.85,8.641406,20.8465,
131.9,8.640625,20.859,
131.95,8.635938,20.8715,
132,8.636719,20.884,
132.05,8.636719,20.8965,
132.1,8.629687,20.909,
132.15,8.626562,20.9215,
132.2,8.625,20.934,
132.25,8.621094,20.9465,
132.3,8.619532,20.959,
132.35,8.621094,20.972,
132.4,8.616406,20.984,
132.45,8.6125,20.9965,
132.5,8.610156,21.009,
132.55,8.610156,21.0215,
132.6,8.607031,21.0335,
132.65,8.602344,21.046,
132.7,8.6,21.0585,
132.75,8.597656,21.071,
132.8,8.596094,21.0835,
132.85,8.596094,21.096,
132.9,8.59375,21.109,
132.95,8.591406,21.1215,
133,8.586719,21.134,
133.05,8.582031,21.1465,
133.1,8.58125,21.159,
133.15,8.575781,21.1715,
133.2,8.575781,21.1845,
133.25,8.573438,21.197,
133.3,8.567187,21.2095,
133.35,8.561719,21.222,
133.4,8.559375,21.235,
133.45,8.559375,21.247,
133.5,8.557032,21.26,
133.55,8.552343,21.272,
133.6,8.550781,21.2845,
133.65,8.551562,21.297,
133.7,8.546094,21.3095,
133.75,8.542969,21.3215,
133.8,8.542188,21.334,
133.85,8.539063,21.346,
133.9,8.535156,21.3585,
133.95,8.533594,21.371,
134,8.532812,21.3835,
134.05,8.529688,21.3965,
134.1,8.523438,21.409,
134.15,8.523438,21.4215,
134.2,8.521875,21.4345,
134.25,8.516406,21.447,
134.3,8.5125,21.4595,
134.35,8.508594,21.472,
134.4,8.503906,21.4845,
134.45,8.500781,21.497,
134.5,8.498438,21.5095,
134.55,8.496875,21.522,
134.6,8.492969,21.5345,
134.65,8.490625,21.547,
134.7,8.489062,21.559,
134.75,8.490625,21.5715,
134.8,8.483594,21.584,
134.85,8.478907,21.5965,
134.9,8.475,21.609,
134.95,8.474218,21.622,
135,8.470312,21.6345,
135.05,8.470312,21.647,
135.1,8.466406,21.6595,
135.15,8.461719,21.672,
135.2,8.457031,21.6845,
135.25,8.454687,21.6965,
135.3,8.449219,21.7095,
135.35,8.447657,21.7215,
135.4,8.44375,21.7345,
135.45,8.439062,21.7465,
135.5,8.435938,21.7595,
135.55,8.433594,21.772,
135.6,8.428125,21.7845,
135.65,8.421875,21.797,
135.7,8.417969,21.8095,
135.75,8.416407,21.822,
135.8,8.415625,21.8345,
135.85,8.413281,21.8465,
135.9,8.409375,21.859,
135.95,8.407031,21.8715,
136,8.400782,21.884,
136.05,8.4,21.8965,
136.1,8.396875,21.909,
136.15,8.390625,21.921,
136.2,8.388281,21.9335,
136.25,8.382813,21.946,
136.3,8.38125,21.9585,
136.35,8.378906,21.971,
136.4,8.375781,21.9835,
136.45,8.370313,21.996,
136.5,8.365625,22.0085,
136.55,8.360937,22.0215,
136.6,8.357031,22.0345,
136.65,8.352344,22.047,
136.7,8.351563,22.0595,
136.75,8.349218,22.072,
136.8,8.341406,22.0845,
136.85,8.339063,22.097,
136.9,8.334375,22.1095,
136.95,8.328906,22.122,
137,8.324219,22.1345,
137.05,8.321875,22.147,
137.1,8.320313,22.159,
137.15,8.315625,22.1715,
137.2,8.310156,22.184,
137.25,8.307813,22.1965,
137.3,8.302343,22.209,
137.35,8.292969,22.2215,
137.4,8.290625,22.234,
137.45,8.289844,22.2465,
137.5,8.282812,22.2595,
137.55,8.274219,22.272,
137.6,8.275,22.2845,
137.65,8.266406,22.297,
137.7,8.2625,22.3095,
137.75,8.2625,22.3215,
137.8,8.255468,22.334,
137.85,8.25,22.3465,
137.9,8.246094,22.359,
137.95,8.241406,22.3715,
138,8.236719,22.384,
138.05,8.229688,22.3965,
138.1,8.221875,22.409,
138.15,8.220312,22.4215,
138.2,8.216406,22.4345,
138.25,8.210938,22.447,
138.3,8.200781,22.4595,
138.35,8.196094,22.472,
138.4,8.19375,22.4845,
138.45,8.1875,22.4965,
138.5,8.180469,22.5095,
138.55,8.173437,22.522,
138.6,8.171094,22.5345,
138.65,8.161718,22.547,
138.7,8.154688,22.559,
138.75,8.149219,22.572,
138.8,8.14375,22.584,
138.85,8.136719,22.5965,
138.9,8.132813,22.609,
138.95,8.125781,22.6215,
139,8.11875,22.634,
139.05,8.108594,22.6465,
139.1,8.101563,22.659,
139.15,8.096094,22.6715,
139.2,8.0875,22.684,
139.25,8.078906,22.6965,
139.3,8.071094,22.709,
139.35,8.064062,22.722,
139.4,8.055469,22.7345,
139.45,8.046875,22.747,
139.5,8.035156,22.7595,
139.55,8.023438,22.772,
139.6,8.017187,22.7845,
139.65,8.004687,22.797,
139.7,7.994531,22.809,
139.75,7.984375,22.822,
139.8,7.973437,22.8345,
139.85,7.957812,22.847,
139.9,7.944531,22.8595,
139.95,7.934375,22.872,
140,7.920312,22.8845,
140.05,7.905469,22.8965,
140.1,7.89375,22.909,
140.15,7.875781,22.9215,
140.2,7.857031,22.934,
140.25,7.835156,22.9465,
140.3,7.820313,22.959,
140.35,7.802344,22.9715,
140.4,7.782031,22.984,
140.45,7.760156,22.9965,
140.5,7.736719,23.009,
140.55,7.715625,23.0215,
140.6,7.683594,23.034,
140.65,7.653906,23.0465,
140.7,7.621094,23.059,
140.75,7.589844,23.0715,
140.8,7.554688,23.084,
140.85,7.514062,23.0965,
140.9,7.466406,23.1095,
140.95,7.371875,23.1225,
141,7.211719,23.135,
141.05,7.020312,23.148,
141.1,6.841406,23.161,
141.15,6.682813,23.1735,
141.2,6.544531,23.186,
141.25,6.419531,23.198,
141.3,6.314844,23.2105,
141.35,6.198438,23.223,
141.4,6.067969,23.2355,
141.45,5.913281,23.248,
141.5,5.751563,23.2605,
141.55,5.596094,23.2725,
141.6,5.426562,23.285,
141.65,5.246875,23.298,
141.7,5.038281,23.3105,
141.75,4.8,23.3235,
141.8,4.388281,23.3385,
141.85,3.682812,23.3505,
